held_out_patient,rank,channel_added,selected_channels
PN00,1,T4,T4
PN00,2,PZ,"T4, PZ"
PN00,3,CP5,"T4, PZ, CP5"
PN00,4,FC6,"T4, PZ, CP5, FC6"
PN00,5,CP2,"T4, PZ, CP5, FC6, CP2"
PN00,6,FP2,"T4, PZ, CP5, FC6, CP2, FP2"
PN00,7,CP6,"T4, PZ, CP5, FC6, CP2, FP2, CP6"
PN00,8,P4,"T4, PZ, CP5, FC6, CP2, FP2, CP6, P4"
PN00,9,FP1,"T4, PZ, CP5, FC6, CP2, FP2, CP6, P4, FP1"
PN00,10,CP1,"T4, PZ, CP5, FC6, CP2, FP2, CP6, P4, FP1, CP1"
PN00,11,T3,"T4, PZ, CP5, FC6, CP2, FP2, CP6, P4, FP1, CP1, T3"
PN00,12,FC1,"T4, PZ, CP5, FC6, CP2, FP2, CP6, P4, FP1, CP1, T3, FC1"
PN00,13,P3,"T4, PZ, CP5, FC6, CP2, FP2, CP6, P4, FP1, CP1, T3, FC1, P3"
PN00,14,T5,"T4, PZ, CP5, FC6, CP2, FP2, CP6, P4, FP1, CP1, T3, FC1, P3, T5"
PN00,15,F4,"T4, PZ, CP5, FC6, CP2, FP2, CP6, P4, FP1, CP1, T3, FC1, P3, T5, F4"
PN00,16,T6,"T4, PZ, CP5, FC6, CP2, FP2, CP6, P4, FP1, CP1, T3, FC1, P3, T5, F4, T6"
PN00,17,F3,"T4, PZ, CP5, FC6, CP2, FP2, CP6, P4, FP1, CP1, T3, FC1, P3, T5, F4, T6, F3"
PN00,18,F9,"T4, PZ, CP5, FC6, CP2, FP2, CP6, P4, FP1, CP1, T3, FC1, P3, T5, F4, T6, F3, F9"
PN00,19,F10,"T4, PZ, CP5, FC6, CP2, FP2, CP6, P4, FP1, CP1, T3, FC1, P3, T5, F4, T6, F3, F9, F10"
PN00,20,O1,"T4, PZ, CP5, FC6, CP2, FP2, CP6, P4, FP1, CP1, T3, FC1, P3, T5, F4, T6, F3, F9, F10, O1"
PN00,21,FZ,"T4, PZ, CP5, FC6, CP2, FP2, CP6, P4, FP1, CP1, T3, FC1, P3, T5, F4, T6, F3, F9, F10, O1, FZ"
PN00,22,FC2,"T4, PZ, CP5, FC6, CP2, FP2, CP6, P4, FP1, CP1, T3, FC1, P3, T5, F4, T6, F3, F9, F10, O1, FZ, FC2"
PN00,23,FC5,"T4, PZ, CP5, FC6, CP2, FP2, CP6, P4, FP1, CP1, T3, FC1, P3, T5, F4, T6, F3, F9, F10, O1, FZ, FC2, FC5"
PN00,24,F7,"T4, PZ, CP5, FC6, CP2, FP2, CP6, P4, FP1, CP1, T3, FC1, P3, T5, F4, T6, F3, F9, F10, O1, FZ, FC2, FC5, F7"
PN00,25,F8,"T4, PZ, CP5, FC6, CP2, FP2, CP6, P4, FP1, CP1, T3, FC1, P3, T5, F4, T6, F3, F9, F10, O1, FZ, FC2, FC5, F7, F8"
PN00,26,C4,"T4, PZ, CP5, FC6, CP2, FP2, CP6, P4, FP1, CP1, T3, FC1, P3, T5, F4, T6, F3, F9, F10, O1, FZ, FC2, FC5, F7, F8, C4"
PN00,27,C3,"T4, PZ, CP5, FC6, CP2, FP2, CP6, P4, FP1, CP1, T3, FC1, P3, T5, F4, T6, F3, F9, F10, O1, FZ, FC2, FC5, F7, F8, C4, C3"
PN00,28,O2,"T4, PZ, CP5, FC6, CP2, FP2, CP6, P4, FP1, CP1, T3, FC1, P3, T5, F4, T6, F3, F9, F10, O1, FZ, FC2, FC5, F7, F8, C4, C3, O2"
PN00,29,CZ,"T4, PZ, CP5, FC6, CP2, FP2, CP6, P4, FP1, CP1, T3, FC1, P3, T5, F4, T6, F3, F9, F10, O1, FZ, FC2, FC5, F7, F8, C4, C3, O2, CZ"
PN01,1,T4,T4
PN01,2,PZ,"T4, PZ"
PN01,3,FC1,"T4, PZ, FC1"
PN01,4,T6,"T4, PZ, FC1, T6"
PN01,5,P4,"T4, PZ, FC1, T6, P4"
PN01,6,C4,"T4, PZ, FC1, T6, P4, C4"
PN01,7,T3,"T4, PZ, FC1, T6, P4, C4, T3"
PN01,8,F8,"T4, PZ, FC1, T6, P4, C4, T3, F8"
PN01,9,F4,"T4, PZ, FC1, T6, P4, C4, T3, F8, F4"
PN01,10,FP1,"T4, PZ, FC1, T6, P4, C4, T3, F8, F4, FP1"
PN01,11,F10,"T4, PZ, FC1, T6, P4, C4, T3, F8, F4, FP1, F10"
PN01,12,F3,"T4, PZ, FC1, T6, P4, C4, T3, F8, F4, FP1, F10, F3"
PN01,13,CZ,"T4, PZ, FC1, T6, P4, C4, T3, F8, F4, FP1, F10, F3, CZ"
PN01,14,T5,"T4, PZ, FC1, T6, P4, C4, T3, F8, F4, FP1, F10, F3, CZ, T5"
PN01,15,CP5,"T4, PZ, FC1, T6, P4, C4, T3, F8, F4, FP1, F10, F3, CZ, T5, CP5"
PN01,16,F7,"T4, PZ, FC1, T6, P4, C4, T3, F8, F4, FP1, F10, F3, CZ, T5, CP5, F7"
PN01,17,FC2,"T4, PZ, FC1, T6, P4, C4, T3, F8, F4, FP1, F10, F3, CZ, T5, CP5, F7, FC2"
PN01,18,P3,"T4, PZ, FC1, T6, P4, C4, T3, F8, F4, FP1, F10, F3, CZ, T5, CP5, F7, FC2, P3"
PN01,19,FP2,"T4, PZ, FC1, T6, P4, C4, T3, F8, F4, FP1, F10, F3, CZ, T5, CP5, F7, FC2, P3, FP2"
PN01,20,CP6,"T4, PZ, FC1, T6, P4, C4, T3, F8, F4, FP1, F10, F3, CZ, T5, CP5, F7, FC2, P3, FP2, CP6"
PN01,21,FC6,"T4, PZ, FC1, T6, P4, C4, T3, F8, F4, FP1, F10, F3, CZ, T5, CP5, F7, FC2, P3, FP2, CP6, FC6"
PN01,22,CP1,"T4, PZ, FC1, T6, P4, C4, T3, F8, F4, FP1, F10, F3, CZ, T5, CP5, F7, FC2, P3, FP2, CP6, FC6, CP1"
PN01,23,C3,"T4, PZ, FC1, T6, P4, C4, T3, F8, F4, FP1, F10, F3, CZ, T5, CP5, F7, FC2, P3, FP2, CP6, FC6, CP1, C3"
PN01,24,CP2,"T4, PZ, FC1, T6, P4, C4, T3, F8, F4, FP1, F10, F3, CZ, T5, CP5, F7, FC2, P3, FP2, CP6, FC6, CP1, C3, CP2"
PN01,25,FC5,"T4, PZ, FC1, T6, P4, C4, T3, F8, F4, FP1, F10, F3, CZ, T5, CP5, F7, FC2, P3, FP2, CP6, FC6, CP1, C3, CP2, FC5"
PN01,26,F9,"T4, PZ, FC1, T6, P4, C4, T3, F8, F4, FP1, F10, F3, CZ, T5, CP5, F7, FC2, P3, FP2, CP6, FC6, CP1, C3, CP2, FC5, F9"
PN01,27,FZ,"T4, PZ, FC1, T6, P4, C4, T3, F8, F4, FP1, F10, F3, CZ, T5, CP5, F7, FC2, P3, FP2, CP6, FC6, CP1, C3, CP2, FC5, F9, FZ"
PN01,28,O1,"T4, PZ, FC1, T6, P4, C4, T3, F8, F4, FP1, F10, F3, CZ, T5, CP5, F7, FC2, P3, FP2, CP6, FC6, CP1, C3, CP2, FC5, F9, FZ, O1"
PN01,29,O2,"T4, PZ, FC1, T6, P4, C4, T3, F8, F4, FP1, F10, F3, CZ, T5, CP5, F7, FC2, P3, FP2, CP6, FC6, CP1, C3, CP2, FC5, F9, FZ, O1, O2"
PN03,1,T4,T4
PN03,2,T3,"T4, T3"
PN03,3,PZ,"T4, T3, PZ"
PN03,4,C4,"T4, T3, PZ, C4"
PN03,5,FC1,"T4, T3, PZ, C4, FC1"
PN03,6,CP5,"T4, T3, PZ, C4, FC1, CP5"
PN03,7,T6,"T4, T3, PZ, C4, FC1, CP5, T6"
PN03,8,FC6,"T4, T3, PZ, C4, FC1, CP5, T6, FC6"
PN03,9,T5,"T4, T3, PZ, C4, FC1, CP5, T6, FC6, T5"
PN03,10,P4,"T4, T3, PZ, C4, FC1, CP5, T6, FC6, T5, P4"
PN03,11,FP2,"T4, T3, PZ, C4, FC1, CP5, T6, FC6, T5, P4, FP2"
PN03,12,F4,"T4, T3, PZ, C4, FC1, CP5, T6, FC6, T5, P4, FP2, F4"
PN03,13,FP1,"T4, T3, PZ, C4, FC1, CP5, T6, FC6, T5, P4, FP2, F4, FP1"
PN03,14,P3,"T4, T3, PZ, C4, FC1, CP5, T6, FC6, T5, P4, FP2, F4, FP1, P3"
PN03,15,CP6,"T4, T3, PZ, C4, FC1, CP5, T6, FC6, T5, P4, FP2, F4, FP1, P3, CP6"
PN03,16,CP1,"T4, T3, PZ, C4, FC1, CP5, T6, FC6, T5, P4, FP2, F4, FP1, P3, CP6, CP1"
PN03,17,F10,"T4, T3, PZ, C4, FC1, CP5, T6, FC6, T5, P4, FP2, F4, FP1, P3, CP6, CP1, F10"
PN03,18,CP2,"T4, T3, PZ, C4, FC1, CP5, T6, FC6, T5, P4, FP2, F4, FP1, P3, CP6, CP1, F10, CP2"
PN03,19,FC2,"T4, T3, PZ, C4, FC1, CP5, T6, FC6, T5, P4, FP2, F4, FP1, P3, CP6, CP1, F10, CP2, FC2"
PN03,20,F8,"T4, T3, PZ, C4, FC1, CP5, T6, FC6, T5, P4, FP2, F4, FP1, P3, CP6, CP1, F10, CP2, FC2, F8"
PN03,21,FZ,"T4, T3, PZ, C4, FC1, CP5, T6, FC6, T5, P4, FP2, F4, FP1, P3, CP6, CP1, F10, CP2, FC2, F8, FZ"
PN03,22,CZ,"T4, T3, PZ, C4, FC1, CP5, T6, FC6, T5, P4, FP2, F4, FP1, P3, CP6, CP1, F10, CP2, FC2, F8, FZ, CZ"
PN03,23,F3,"T4, T3, PZ, C4, FC1, CP5, T6, FC6, T5, P4, FP2, F4, FP1, P3, CP6, CP1, F10, CP2, FC2, F8, FZ, CZ, F3"
PN03,24,O2,"T4, T3, PZ, C4, FC1, CP5, T6, FC6, T5, P4, FP2, F4, FP1, P3, CP6, CP1, F10, CP2, FC2, F8, FZ, CZ, F3, O2"
PN03,25,F7,"T4, T3, PZ, C4, FC1, CP5, T6, FC6, T5, P4, FP2, F4, FP1, P3, CP6, CP1, F10, CP2, FC2, F8, FZ, CZ, F3, O2, F7"
PN03,26,O1,"T4, T3, PZ, C4, FC1, CP5, T6, FC6, T5, P4, FP2, F4, FP1, P3, CP6, CP1, F10, CP2, FC2, F8, FZ, CZ, F3, O2, F7, O1"
PN03,27,FC5,"T4, T3, PZ, C4, FC1, CP5, T6, FC6, T5, P4, FP2, F4, FP1, P3, CP6, CP1, F10, CP2, FC2, F8, FZ, CZ, F3, O2, F7, O1, FC5"
PN03,28,C3,"T4, T3, PZ, C4, FC1, CP5, T6, FC6, T5, P4, FP2, F4, FP1, P3, CP6, CP1, F10, CP2, FC2, F8, FZ, CZ, F3, O2, F7, O1, FC5, C3"
PN03,29,F9,"T4, T3, PZ, C4, FC1, CP5, T6, FC6, T5, P4, FP2, F4, FP1, P3, CP6, CP1, F10, CP2, FC2, F8, FZ, CZ, F3, O2, F7, O1, FC5, C3, F9"
PN05,1,T6,T6
PN05,2,T3,"T6, T3"
PN05,3,PZ,"T6, T3, PZ"
PN05,4,F10,"T6, T3, PZ, F10"
PN05,5,CP1,"T6, T3, PZ, F10, CP1"
PN05,6,T4,"T6, T3, PZ, F10, CP1, T4"
PN05,7,F3,"T6, T3, PZ, F10, CP1, T4, F3"
PN05,8,FZ,"T6, T3, PZ, F10, CP1, T4, F3, FZ"
PN05,9,CP5,"T6, T3, PZ, F10, CP1, T4, F3, FZ, CP5"
PN05,10,F4,"T6, T3, PZ, F10, CP1, T4, F3, FZ, CP5, F4"
PN05,11,T5,"T6, T3, PZ, F10, CP1, T4, F3, FZ, CP5, F4, T5"
PN05,12,CP6,"T6, T3, PZ, F10, CP1, T4, F3, FZ, CP5, F4, T5, CP6"
PN05,13,CZ,"T6, T3, PZ, F10, CP1, T4, F3, FZ, CP5, F4, T5, CP6, CZ"
PN05,14,O1,"T6, T3, PZ, F10, CP1, T4, F3, FZ, CP5, F4, T5, CP6, CZ, O1"
PN05,15,FP2,"T6, T3, PZ, F10, CP1, T4, F3, FZ, CP5, F4, T5, CP6, CZ, O1, FP2"
PN05,16,FC6,"T6, T3, PZ, F10, CP1, T4, F3, FZ, CP5, F4, T5, CP6, CZ, O1, FP2, FC6"
PN05,17,FC1,"T6, T3, PZ, F10, CP1, T4, F3, FZ, CP5, F4, T5, CP6, CZ, O1, FP2, FC6, FC1"
PN05,18,CP2,"T6, T3, PZ, F10, CP1, T4, F3, FZ, CP5, F4, T5, CP6, CZ, O1, FP2, FC6, FC1, CP2"
PN05,19,FC2,"T6, T3, PZ, F10, CP1, T4, F3, FZ, CP5, F4, T5, CP6, CZ, O1, FP2, FC6, FC1, CP2, FC2"
PN05,20,F8,"T6, T3, PZ, F10, CP1, T4, F3, FZ, CP5, F4, T5, CP6, CZ, O1, FP2, FC6, FC1, CP2, FC2, F8"
PN05,21,P4,"T6, T3, PZ, F10, CP1, T4, F3, FZ, CP5, F4, T5, CP6, CZ, O1, FP2, FC6, FC1, CP2, FC2, F8, P4"
PN05,22,C4,"T6, T3, PZ, F10, CP1, T4, F3, FZ, CP5, F4, T5, CP6, CZ, O1, FP2, FC6, FC1, CP2, FC2, F8, P4, C4"
PN05,23,F7,"T6, T3, PZ, F10, CP1, T4, F3, FZ, CP5, F4, T5, CP6, CZ, O1, FP2, FC6, FC1, CP2, FC2, F8, P4, C4, F7"
PN05,24,O2,"T6, T3, PZ, F10, CP1, T4, F3, FZ, CP5, F4, T5, CP6, CZ, O1, FP2, FC6, FC1, CP2, FC2, F8, P4, C4, F7, O2"
PN05,25,FC5,"T6, T3, PZ, F10, CP1, T4, F3, FZ, CP5, F4, T5, CP6, CZ, O1, FP2, FC6, FC1, CP2, FC2, F8, P4, C4, F7, O2, FC5"
PN05,26,F9,"T6, T3, PZ, F10, CP1, T4, F3, FZ, CP5, F4, T5, CP6, CZ, O1, FP2, FC6, FC1, CP2, FC2, F8, P4, C4, F7, O2, FC5, F9"
PN05,27,FP1,"T6, T3, PZ, F10, CP1, T4, F3, FZ, CP5, F4, T5, CP6, CZ, O1, FP2, FC6, FC1, CP2, FC2, F8, P4, C4, F7, O2, FC5, F9, FP1"
PN05,28,P3,"T6, T3, PZ, F10, CP1, T4, F3, FZ, CP5, F4, T5, CP6, CZ, O1, FP2, FC6, FC1, CP2, FC2, F8, P4, C4, F7, O2, FC5, F9, FP1, P3"
PN05,29,C3,"T6, T3, PZ, F10, CP1, T4, F3, FZ, CP5, F4, T5, CP6, CZ, O1, FP2, FC6, FC1, CP2, FC2, F8, P4, C4, F7, O2, FC5, F9, FP1, P3, C3"
PN06,1,CP5,CP5
PN06,2,P3,"CP5, P3"
PN06,3,F10,"CP5, P3, F10"
PN06,4,CP6,"CP5, P3, F10, CP6"
PN06,5,T5,"CP5, P3, F10, CP6, T5"
PN06,6,T3,"CP5, P3, F10, CP6, T5, T3"
PN06,7,P4,"CP5, P3, F10, CP6, T5, T3, P4"
PN06,8,T4,"CP5, P3, F10, CP6, T5, T3, P4, T4"
PN06,9,FC6,"CP5, P3, F10, CP6, T5, T3, P4, T4, FC6"
PN06,10,T6,"CP5, P3, F10, CP6, T5, T3, P4, T4, FC6, T6"
PN06,11,FC5,"CP5, P3, F10, CP6, T5, T3, P4, T4, FC6, T6, FC5"
PN06,12,PZ,"CP5, P3, F10, CP6, T5, T3, P4, T4, FC6, T6, FC5, PZ"
PN06,13,CP2,"CP5, P3, F10, CP6, T5, T3, P4, T4, FC6, T6, FC5, PZ, CP2"
PN06,14,FC1,"CP5, P3, F10, CP6, T5, T3, P4, T4, FC6, T6, FC5, PZ, CP2, FC1"
PN06,15,F9,"CP5, P3, F10, CP6, T5, T3, P4, T4, FC6, T6, FC5, PZ, CP2, FC1, F9"
PN06,16,CP1,"CP5, P3, F10, CP6, T5, T3, P4, T4, FC6, T6, FC5, PZ, CP2, FC1, F9, CP1"
PN06,17,C4,"CP5, P3, F10, CP6, T5, T3, P4, T4, FC6, T6, FC5, PZ, CP2, FC1, F9, CP1, C4"
PN06,18,O1,"CP5, P3, F10, CP6, T5, T3, P4, T4, FC6, T6, FC5, PZ, CP2, FC1, F9, CP1, C4, O1"
PN06,19,FZ,"CP5, P3, F10, CP6, T5, T3, P4, T4, FC6, T6, FC5, PZ, CP2, FC1, F9, CP1, C4, O1, FZ"
PN06,20,F4,"CP5, P3, F10, CP6, T5, T3, P4, T4, FC6, T6, FC5, PZ, CP2, FC1, F9, CP1, C4, O1, FZ, F4"
PN06,21,FC2,"CP5, P3, F10, CP6, T5, T3, P4, T4, FC6, T6, FC5, PZ, CP2, FC1, F9, CP1, C4, O1, FZ, F4, FC2"
PN06,22,F8,"CP5, P3, F10, CP6, T5, T3, P4, T4, FC6, T6, FC5, PZ, CP2, FC1, F9, CP1, C4, O1, FZ, F4, FC2, F8"
PN06,23,O2,"CP5, P3, F10, CP6, T5, T3, P4, T4, FC6, T6, FC5, PZ, CP2, FC1, F9, CP1, C4, O1, FZ, F4, FC2, F8, O2"
PN06,24,F3,"CP5, P3, F10, CP6, T5, T3, P4, T4, FC6, T6, FC5, PZ, CP2, FC1, F9, CP1, C4, O1, FZ, F4, FC2, F8, O2, F3"
PN06,25,F7,"CP5, P3, F10, CP6, T5, T3, P4, T4, FC6, T6, FC5, PZ, CP2, FC1, F9, CP1, C4, O1, FZ, F4, FC2, F8, O2, F3, F7"
PN06,26,FP1,"CP5, P3, F10, CP6, T5, T3, P4, T4, FC6, T6, FC5, PZ, CP2, FC1, F9, CP1, C4, O1, FZ, F4, FC2, F8, O2, F3, F7, FP1"
PN06,27,C3,"CP5, P3, F10, CP6, T5, T3, P4, T4, FC6, T6, FC5, PZ, CP2, FC1, F9, CP1, C4, O1, FZ, F4, FC2, F8, O2, F3, F7, FP1, C3"
PN06,28,CZ,"CP5, P3, F10, CP6, T5, T3, P4, T4, FC6, T6, FC5, PZ, CP2, FC1, F9, CP1, C4, O1, FZ, F4, FC2, F8, O2, F3, F7, FP1, C3, CZ"
PN06,29,FP2,"CP5, P3, F10, CP6, T5, T3, P4, T4, FC6, T6, FC5, PZ, CP2, FC1, F9, CP1, C4, O1, FZ, F4, FC2, F8, O2, F3, F7, FP1, C3, CZ, FP2"
PN07,1,T4,T4
PN07,2,PZ,"T4, PZ"
PN07,3,FC6,"T4, PZ, FC6"
PN07,4,T3,"T4, PZ, FC6, T3"
PN07,5,F7,"T4, PZ, FC6, T3, F7"
PN07,6,CP5,"T4, PZ, FC6, T3, F7, CP5"
PN07,7,CP6,"T4, PZ, FC6, T3, F7, CP5, CP6"
PN07,8,FC5,"T4, PZ, FC6, T3, F7, CP5, CP6, FC5"
PN07,9,T5,"T4, PZ, FC6, T3, F7, CP5, CP6, FC5, T5"
PN07,10,F9,"T4, PZ, FC6, T3, F7, CP5, CP6, FC5, T5, F9"
PN07,11,CP2,"T4, PZ, FC6, T3, F7, CP5, CP6, FC5, T5, F9, CP2"
PN07,12,CP1,"T4, PZ, FC6, T3, F7, CP5, CP6, FC5, T5, F9, CP2, CP1"
PN07,13,F3,"T4, PZ, FC6, T3, F7, CP5, CP6, FC5, T5, F9, CP2, CP1, F3"
PN07,14,P3,"T4, PZ, FC6, T3, F7, CP5, CP6, FC5, T5, F9, CP2, CP1, F3, P3"
PN07,15,FP1,"T4, PZ, FC6, T3, F7, CP5, CP6, FC5, T5, F9, CP2, CP1, F3, P3, FP1"
PN07,16,T6,"T4, PZ, FC6, T3, F7, CP5, CP6, FC5, T5, F9, CP2, CP1, F3, P3, FP1, T6"
PN07,17,F8,"T4, PZ, FC6, T3, F7, CP5, CP6, FC5, T5, F9, CP2, CP1, F3, P3, FP1, T6, F8"
PN07,18,FP2,"T4, PZ, FC6, T3, F7, CP5, CP6, FC5, T5, F9, CP2, CP1, F3, P3, FP1, T6, F8, FP2"
PN07,19,C4,"T4, PZ, FC6, T3, F7, CP5, CP6, FC5, T5, F9, CP2, CP1, F3, P3, FP1, T6, F8, FP2, C4"
PN07,20,F4,"T4, PZ, FC6, T3, F7, CP5, CP6, FC5, T5, F9, CP2, CP1, F3, P3, FP1, T6, F8, FP2, C4, F4"
PN07,21,C3,"T4, PZ, FC6, T3, F7, CP5, CP6, FC5, T5, F9, CP2, CP1, F3, P3, FP1, T6, F8, FP2, C4, F4, C3"
PN07,22,FC1,"T4, PZ, FC6, T3, F7, CP5, CP6, FC5, T5, F9, CP2, CP1, F3, P3, FP1, T6, F8, FP2, C4, F4, C3, FC1"
PN07,23,P4,"T4, PZ, FC6, T3, F7, CP5, CP6, FC5, T5, F9, CP2, CP1, F3, P3, FP1, T6, F8, FP2, C4, F4, C3, FC1, P4"
PN07,24,O1,"T4, PZ, FC6, T3, F7, CP5, CP6, FC5, T5, F9, CP2, CP1, F3, P3, FP1, T6, F8, FP2, C4, F4, C3, FC1, P4, O1"
PN07,25,O2,"T4, PZ, FC6, T3, F7, CP5, CP6, FC5, T5, F9, CP2, CP1, F3, P3, FP1, T6, F8, FP2, C4, F4, C3, FC1, P4, O1, O2"
PN07,26,F10,"T4, PZ, FC6, T3, F7, CP5, CP6, FC5, T5, F9, CP2, CP1, F3, P3, FP1, T6, F8, FP2, C4, F4, C3, FC1, P4, O1, O2, F10"
PN07,27,FC2,"T4, PZ, FC6, T3, F7, CP5, CP6, FC5, T5, F9, CP2, CP1, F3, P3, FP1, T6, F8, FP2, C4, F4, C3, FC1, P4, O1, O2, F10, FC2"
PN07,28,CZ,"T4, PZ, FC6, T3, F7, CP5, CP6, FC5, T5, F9, CP2, CP1, F3, P3, FP1, T6, F8, FP2, C4, F4, C3, FC1, P4, O1, O2, F10, FC2, CZ"
PN07,29,FZ,"T4, PZ, FC6, T3, F7, CP5, CP6, FC5, T5, F9, CP2, CP1, F3, P3, FP1, T6, F8, FP2, C4, F4, C3, FC1, P4, O1, O2, F10, FC2, CZ, FZ"
PN09,1,T4,T4
PN09,2,PZ,"T4, PZ"
PN09,3,F4,"T4, PZ, F4"
PN09,4,T6,"T4, PZ, F4, T6"
PN09,5,CP5,"T4, PZ, F4, T6, CP5"
PN09,6,T5,"T4, PZ, F4, T6, CP5, T5"
PN09,7,F10,"T4, PZ, F4, T6, CP5, T5, F10"
PN09,8,T3,"T4, PZ, F4, T6, CP5, T5, F10, T3"
PN09,9,P3,"T4, PZ, F4, T6, CP5, T5, F10, T3, P3"
PN09,10,F3,"T4, PZ, F4, T6, CP5, T5, F10, T3, P3, F3"
PN09,11,C4,"T4, PZ, F4, T6, CP5, T5, F10, T3, P3, F3, C4"
PN09,12,P4,"T4, PZ, F4, T6, CP5, T5, F10, T3, P3, F3, C4, P4"
PN09,13,CP6,"T4, PZ, F4, T6, CP5, T5, F10, T3, P3, F3, C4, P4, CP6"
PN09,14,FP2,"T4, PZ, F4, T6, CP5, T5, F10, T3, P3, F3, C4, P4, CP6, FP2"
PN09,15,CP1,"T4, PZ, F4, T6, CP5, T5, F10, T3, P3, F3, C4, P4, CP6, FP2, CP1"
PN09,16,FC6,"T4, PZ, F4, T6, CP5, T5, F10, T3, P3, F3, C4, P4, CP6, FP2, CP1, FC6"
PN09,17,FC2,"T4, PZ, F4, T6, CP5, T5, F10, T3, P3, F3, C4, P4, CP6, FP2, CP1, FC6, FC2"
PN09,18,CP2,"T4, PZ, F4, T6, CP5, T5, F10, T3, P3, F3, C4, P4, CP6, FP2, CP1, FC6, FC2, CP2"
PN09,19,F9,"T4, PZ, F4, T6, CP5, T5, F10, T3, P3, F3, C4, P4, CP6, FP2, CP1, FC6, FC2, CP2, F9"
PN09,20,O1,"T4, PZ, F4, T6, CP5, T5, F10, T3, P3, F3, C4, P4, CP6, FP2, CP1, FC6, FC2, CP2, F9, O1"
PN09,21,FC1,"T4, PZ, F4, T6, CP5, T5, F10, T3, P3, F3, C4, P4, CP6, FP2, CP1, FC6, FC2, CP2, F9, O1, FC1"
PN09,22,F7,"T4, PZ, F4, T6, CP5, T5, F10, T3, P3, F3, C4, P4, CP6, FP2, CP1, FC6, FC2, CP2, F9, O1, FC1, F7"
PN09,23,FP1,"T4, PZ, F4, T6, CP5, T5, F10, T3, P3, F3, C4, P4, CP6, FP2, CP1, FC6, FC2, CP2, F9, O1, FC1, F7, FP1"
PN09,24,CZ,"T4, PZ, F4, T6, CP5, T5, F10, T3, P3, F3, C4, P4, CP6, FP2, CP1, FC6, FC2, CP2, F9, O1, FC1, F7, FP1, CZ"
PN09,25,F8,"T4, PZ, F4, T6, CP5, T5, F10, T3, P3, F3, C4, P4, CP6, FP2, CP1, FC6, FC2, CP2, F9, O1, FC1, F7, FP1, CZ, F8"
PN09,26,O2,"T4, PZ, F4, T6, CP5, T5, F10, T3, P3, F3, C4, P4, CP6, FP2, CP1, FC6, FC2, CP2, F9, O1, FC1, F7, FP1, CZ, F8, O2"
PN09,27,FZ,"T4, PZ, F4, T6, CP5, T5, F10, T3, P3, F3, C4, P4, CP6, FP2, CP1, FC6, FC2, CP2, F9, O1, FC1, F7, FP1, CZ, F8, O2, FZ"
PN09,28,FC5,"T4, PZ, F4, T6, CP5, T5, F10, T3, P3, F3, C4, P4, CP6, FP2, CP1, FC6, FC2, CP2, F9, O1, FC1, F7, FP1, CZ, F8, O2, FZ, FC5"
PN09,29,C3,"T4, PZ, F4, T6, CP5, T5, F10, T3, P3, F3, C4, P4, CP6, FP2, CP1, FC6, FC2, CP2, F9, O1, FC1, F7, FP1, CZ, F8, O2, FZ, FC5, C3"
PN10,1,T4,T4
PN10,2,PZ,"T4, PZ"
PN10,3,T3,"T4, PZ, T3"
PN10,4,FC6,"T4, PZ, T3, FC6"
PN10,5,P4,"T4, PZ, T3, FC6, P4"
PN10,6,CP5,"T4, PZ, T3, FC6, P4, CP5"
PN10,7,CP2,"T4, PZ, T3, FC6, P4, CP5, CP2"
PN10,8,CP1,"T4, PZ, T3, FC6, P4, CP5, CP2, CP1"
PN10,9,C4,"T4, PZ, T3, FC6, P4, CP5, CP2, CP1, C4"
PN10,10,CP6,"T4, PZ, T3, FC6, P4, CP5, CP2, CP1, C4, CP6"
PN10,11,O1,"T4, PZ, T3, FC6, P4, CP5, CP2, CP1, C4, CP6, O1"
PN10,12,FC1,"T4, PZ, T3, FC6, P4, CP5, CP2, CP1, C4, CP6, O1, FC1"
PN10,13,F7,"T4, PZ, T3, FC6, P4, CP5, CP2, CP1, C4, CP6, O1, FC1, F7"
PN10,14,T6,"T4, PZ, T3, FC6, P4, CP5, CP2, CP1, C4, CP6, O1, FC1, F7, T6"
PN10,15,F8,"T4, PZ, T3, FC6, P4, CP5, CP2, CP1, C4, CP6, O1, FC1, F7, T6, F8"
PN10,16,P3,"T4, PZ, T3, FC6, P4, CP5, CP2, CP1, C4, CP6, O1, FC1, F7, T6, F8, P3"
PN10,17,CZ,"T4, PZ, T3, FC6, P4, CP5, CP2, CP1, C4, CP6, O1, FC1, F7, T6, F8, P3, CZ"
PN10,18,FC2,"T4, PZ, T3, FC6, P4, CP5, CP2, CP1, C4, CP6, O1, FC1, F7, T6, F8, P3, CZ, FC2"
PN10,19,F10,"T4, PZ, T3, FC6, P4, CP5, CP2, CP1, C4, CP6, O1, FC1, F7, T6, F8, P3, CZ, FC2, F10"
PN10,20,F4,"T4, PZ, T3, FC6, P4, CP5, CP2, CP1, C4, CP6, O1, FC1, F7, T6, F8, P3, CZ, FC2, F10, F4"
PN10,21,FC5,"T4, PZ, T3, FC6, P4, CP5, CP2, CP1, C4, CP6, O1, FC1, F7, T6, F8, P3, CZ, FC2, F10, F4, FC5"
PN10,22,T5,"T4, PZ, T3, FC6, P4, CP5, CP2, CP1, C4, CP6, O1, FC1, F7, T6, F8, P3, CZ, FC2, F10, F4, FC5, T5"
PN10,23,O2,"T4, PZ, T3, FC6, P4, CP5, CP2, CP1, C4, CP6, O1, FC1, F7, T6, F8, P3, CZ, FC2, F10, F4, FC5, T5, O2"
PN10,24,C3,"T4, PZ, T3, FC6, P4, CP5, CP2, CP1, C4, CP6, O1, FC1, F7, T6, F8, P3, CZ, FC2, F10, F4, FC5, T5, O2, C3"
PN10,25,FP1,"T4, PZ, T3, FC6, P4, CP5, CP2, CP1, C4, CP6, O1, FC1, F7, T6, F8, P3, CZ, FC2, F10, F4, FC5, T5, O2, C3, FP1"
PN10,26,F3,"T4, PZ, T3, FC6, P4, CP5, CP2, CP1, C4, CP6, O1, FC1, F7, T6, F8, P3, CZ, FC2, F10, F4, FC5, T5, O2, C3, FP1, F3"
PN10,27,FP2,"T4, PZ, T3, FC6, P4, CP5, CP2, CP1, C4, CP6, O1, FC1, F7, T6, F8, P3, CZ, FC2, F10, F4, FC5, T5, O2, C3, FP1, F3, FP2"
PN10,28,F9,"T4, PZ, T3, FC6, P4, CP5, CP2, CP1, C4, CP6, O1, FC1, F7, T6, F8, P3, CZ, FC2, F10, F4, FC5, T5, O2, C3, FP1, F3, FP2, F9"
PN10,29,FZ,"T4, PZ, T3, FC6, P4, CP5, CP2, CP1, C4, CP6, O1, FC1, F7, T6, F8, P3, CZ, FC2, F10, F4, FC5, T5, O2, C3, FP1, F3, FP2, F9, FZ"
PN11,1,T4,T4
PN11,2,CP5,"T4, CP5"
PN11,3,PZ,"T4, CP5, PZ"
PN11,4,T3,"T4, CP5, PZ, T3"
PN11,5,CP6,"T4, CP5, PZ, T3, CP6"
PN11,6,FC6,"T4, CP5, PZ, T3, CP6, FC6"
PN11,7,T5,"T4, CP5, PZ, T3, CP6, FC6, T5"
PN11,8,P3,"T4, CP5, PZ, T3, CP6, FC6, T5, P3"
PN11,9,O1,"T4, CP5, PZ, T3, CP6, FC6, T5, P3, O1"
PN11,10,FC5,"T4, CP5, PZ, T3, CP6, FC6, T5, P3, O1, FC5"
PN11,11,FP1,"T4, CP5, PZ, T3, CP6, FC6, T5, P3, O1, FC5, FP1"
PN11,12,F7,"T4, CP5, PZ, T3, CP6, FC6, T5, P3, O1, FC5, FP1, F7"
PN11,13,P4,"T4, CP5, PZ, T3, CP6, FC6, T5, P3, O1, FC5, FP1, F7, P4"
PN11,14,FP2,"T4, CP5, PZ, T3, CP6, FC6, T5, P3, O1, FC5, FP1, F7, P4, FP2"
PN11,15,CP2,"T4, CP5, PZ, T3, CP6, FC6, T5, P3, O1, FC5, FP1, F7, P4, FP2, CP2"
PN11,16,F3,"T4, CP5, PZ, T3, CP6, FC6, T5, P3, O1, FC5, FP1, F7, P4, FP2, CP2, F3"
PN11,17,CP1,"T4, CP5, PZ, T3, CP6, FC6, T5, P3, O1, FC5, FP1, F7, P4, FP2, CP2, F3, CP1"
PN11,18,C4,"T4, CP5, PZ, T3, CP6, FC6, T5, P3, O1, FC5, FP1, F7, P4, FP2, CP2, F3, CP1, C4"
PN11,19,F4,"T4, CP5, PZ, T3, CP6, FC6, T5, P3, O1, FC5, FP1, F7, P4, FP2, CP2, F3, CP1, C4, F4"
PN11,20,T6,"T4, CP5, PZ, T3, CP6, FC6, T5, P3, O1, FC5, FP1, F7, P4, FP2, CP2, F3, CP1, C4, F4, T6"
PN11,21,FC1,"T4, CP5, PZ, T3, CP6, FC6, T5, P3, O1, FC5, FP1, F7, P4, FP2, CP2, F3, CP1, C4, F4, T6, FC1"
PN11,22,F8,"T4, CP5, PZ, T3, CP6, FC6, T5, P3, O1, FC5, FP1, F7, P4, FP2, CP2, F3, CP1, C4, F4, T6, FC1, F8"
PN11,23,F10,"T4, CP5, PZ, T3, CP6, FC6, T5, P3, O1, FC5, FP1, F7, P4, FP2, CP2, F3, CP1, C4, F4, T6, FC1, F8, F10"
PN11,24,FZ,"T4, CP5, PZ, T3, CP6, FC6, T5, P3, O1, FC5, FP1, F7, P4, FP2, CP2, F3, CP1, C4, F4, T6, FC1, F8, F10, FZ"
PN11,25,F9,"T4, CP5, PZ, T3, CP6, FC6, T5, P3, O1, FC5, FP1, F7, P4, FP2, CP2, F3, CP1, C4, F4, T6, FC1, F8, F10, FZ, F9"
PN11,26,FC2,"T4, CP5, PZ, T3, CP6, FC6, T5, P3, O1, FC5, FP1, F7, P4, FP2, CP2, F3, CP1, C4, F4, T6, FC1, F8, F10, FZ, F9, FC2"
PN11,27,O2,"T4, CP5, PZ, T3, CP6, FC6, T5, P3, O1, FC5, FP1, F7, P4, FP2, CP2, F3, CP1, C4, F4, T6, FC1, F8, F10, FZ, F9, FC2, O2"
PN11,28,CZ,"T4, CP5, PZ, T3, CP6, FC6, T5, P3, O1, FC5, FP1, F7, P4, FP2, CP2, F3, CP1, C4, F4, T6, FC1, F8, F10, FZ, F9, FC2, O2, CZ"
PN11,29,C3,"T4, CP5, PZ, T3, CP6, FC6, T5, P3, O1, FC5, FP1, F7, P4, FP2, CP2, F3, CP1, C4, F4, T6, FC1, F8, F10, FZ, F9, FC2, O2, CZ, C3"
PN12,1,FZ,FZ
PN12,2,FP1,"FZ, FP1"
PN12,3,T5,"FZ, FP1, T5"
PN12,4,T6,"FZ, FP1, T5, T6"
PN12,5,CZ,"FZ, FP1, T5, T6, CZ"
PN12,6,FP2,"FZ, FP1, T5, T6, CZ, FP2"
PN12,7,CP2,"FZ, FP1, T5, T6, CZ, FP2, CP2"
PN12,8,FC2,"FZ, FP1, T5, T6, CZ, FP2, CP2, FC2"
PN12,9,FC1,"FZ, FP1, T5, T6, CZ, FP2, CP2, FC2, FC1"
PN12,10,O2,"FZ, FP1, T5, T6, CZ, FP2, CP2, FC2, FC1, O2"
PN12,11,F4,"FZ, FP1, T5, T6, CZ, FP2, CP2, FC2, FC1, O2, F4"
PN12,12,PZ,"FZ, FP1, T5, T6, CZ, FP2, CP2, FC2, FC1, O2, F4, PZ"
PN12,13,T3,"FZ, FP1, T5, T6, CZ, FP2, CP2, FC2, FC1, O2, F4, PZ, T3"
PN12,14,CP5,"FZ, FP1, T5, T6, CZ, FP2, CP2, FC2, FC1, O2, F4, PZ, T3, CP5"
PN12,15,T4,"FZ, FP1, T5, T6, CZ, FP2, CP2, FC2, FC1, O2, F4, PZ, T3, CP5, T4"
PN12,16,F7,"FZ, FP1, T5, T6, CZ, FP2, CP2, FC2, FC1, O2, F4, PZ, T3, CP5, T4, F7"
PN12,17,F10,"FZ, FP1, T5, T6, CZ, FP2, CP2, FC2, FC1, O2, F4, PZ, T3, CP5, T4, F7, F10"
PN12,18,F3,"FZ, FP1, T5, T6, CZ, FP2, CP2, FC2, FC1, O2, F4, PZ, T3, CP5, T4, F7, F10, F3"
PN12,19,P4,"FZ, FP1, T5, T6, CZ, FP2, CP2, FC2, FC1, O2, F4, PZ, T3, CP5, T4, F7, F10, F3, P4"
PN12,20,CP6,"FZ, FP1, T5, T6, CZ, FP2, CP2, FC2, FC1, O2, F4, PZ, T3, CP5, T4, F7, F10, F3, P4, CP6"
PN12,21,FC6,"FZ, FP1, T5, T6, CZ, FP2, CP2, FC2, FC1, O2, F4, PZ, T3, CP5, T4, F7, F10, F3, P4, CP6, FC6"
PN12,22,F8,"FZ, FP1, T5, T6, CZ, FP2, CP2, FC2, FC1, O2, F4, PZ, T3, CP5, T4, F7, F10, F3, P4, CP6, FC6, F8"
PN12,23,P3,"FZ, FP1, T5, T6, CZ, FP2, CP2, FC2, FC1, O2, F4, PZ, T3, CP5, T4, F7, F10, F3, P4, CP6, FC6, F8, P3"
PN12,24,CP1,"FZ, FP1, T5, T6, CZ, FP2, CP2, FC2, FC1, O2, F4, PZ, T3, CP5, T4, F7, F10, F3, P4, CP6, FC6, F8, P3, CP1"
PN12,25,C4,"FZ, FP1, T5, T6, CZ, FP2, CP2, FC2, FC1, O2, F4, PZ, T3, CP5, T4, F7, F10, F3, P4, CP6, FC6, F8, P3, CP1, C4"
PN12,26,FC5,"FZ, FP1, T5, T6, CZ, FP2, CP2, FC2, FC1, O2, F4, PZ, T3, CP5, T4, F7, F10, F3, P4, CP6, FC6, F8, P3, CP1, C4, FC5"
PN12,27,O1,"FZ, FP1, T5, T6, CZ, FP2, CP2, FC2, FC1, O2, F4, PZ, T3, CP5, T4, F7, F10, F3, P4, CP6, FC6, F8, P3, CP1, C4, FC5, O1"
PN12,28,C3,"FZ, FP1, T5, T6, CZ, FP2, CP2, FC2, FC1, O2, F4, PZ, T3, CP5, T4, F7, F10, F3, P4, CP6, FC6, F8, P3, CP1, C4, FC5, O1, C3"
PN12,29,F9,"FZ, FP1, T5, T6, CZ, FP2, CP2, FC2, FC1, O2, F4, PZ, T3, CP5, T4, F7, F10, F3, P4, CP6, FC6, F8, P3, CP1, C4, FC5, O1, C3, F9"
PN13,1,T3,T3
PN13,2,T6,"T3, T6"
PN13,3,CP5,"T3, T6, CP5"
PN13,4,CP6,"T3, T6, CP5, CP6"
PN13,5,FZ,"T3, T6, CP5, CP6, FZ"
PN13,6,P3,"T3, T6, CP5, CP6, FZ, P3"
PN13,7,T4,"T3, T6, CP5, CP6, FZ, P3, T4"
PN13,8,FP2,"T3, T6, CP5, CP6, FZ, P3, T4, FP2"
PN13,9,PZ,"T3, T6, CP5, CP6, FZ, P3, T4, FP2, PZ"
PN13,10,FC1,"T3, T6, CP5, CP6, FZ, P3, T4, FP2, PZ, FC1"
PN13,11,F4,"T3, T6, CP5, CP6, FZ, P3, T4, FP2, PZ, FC1, F4"
PN13,12,F7,"T3, T6, CP5, CP6, FZ, P3, T4, FP2, PZ, FC1, F4, F7"
PN13,13,F9,"T3, T6, CP5, CP6, FZ, P3, T4, FP2, PZ, FC1, F4, F7, F9"
PN13,14,F3,"T3, T6, CP5, CP6, FZ, P3, T4, FP2, PZ, FC1, F4, F7, F9, F3"
PN13,15,CP1,"T3, T6, CP5, CP6, FZ, P3, T4, FP2, PZ, FC1, F4, F7, F9, F3, CP1"
PN13,16,T5,"T3, T6, CP5, CP6, FZ, P3, T4, FP2, PZ, FC1, F4, F7, F9, F3, CP1, T5"
PN13,17,FP1,"T3, T6, CP5, CP6, FZ, P3, T4, FP2, PZ, FC1, F4, F7, F9, F3, CP1, T5, FP1"
PN13,18,F10,"T3, T6, CP5, CP6, FZ, P3, T4, FP2, PZ, FC1, F4, F7, F9, F3, CP1, T5, FP1, F10"
PN13,19,CZ,"T3, T6, CP5, CP6, FZ, P3, T4, FP2, PZ, FC1, F4, F7, F9, F3, CP1, T5, FP1, F10, CZ"
PN13,20,P4,"T3, T6, CP5, CP6, FZ, P3, T4, FP2, PZ, FC1, F4, F7, F9, F3, CP1, T5, FP1, F10, CZ, P4"
PN13,21,O2,"T3, T6, CP5, CP6, FZ, P3, T4, FP2, PZ, FC1, F4, F7, F9, F3, CP1, T5, FP1, F10, CZ, P4, O2"
PN13,22,C4,"T3, T6, CP5, CP6, FZ, P3, T4, FP2, PZ, FC1, F4, F7, F9, F3, CP1, T5, FP1, F10, CZ, P4, O2, C4"
PN13,23,FC6,"T3, T6, CP5, CP6, FZ, P3, T4, FP2, PZ, FC1, F4, F7, F9, F3, CP1, T5, FP1, F10, CZ, P4, O2, C4, FC6"
PN13,24,FC2,"T3, T6, CP5, CP6, FZ, P3, T4, FP2, PZ, FC1, F4, F7, F9, F3, CP1, T5, FP1, F10, CZ, P4, O2, C4, FC6, FC2"
PN13,25,F8,"T3, T6, CP5, CP6, FZ, P3, T4, FP2, PZ, FC1, F4, F7, F9, F3, CP1, T5, FP1, F10, CZ, P4, O2, C4, FC6, FC2, F8"
PN13,26,O1,"T3, T6, CP5, CP6, FZ, P3, T4, FP2, PZ, FC1, F4, F7, F9, F3, CP1, T5, FP1, F10, CZ, P4, O2, C4, FC6, FC2, F8, O1"
PN13,27,C3,"T3, T6, CP5, CP6, FZ, P3, T4, FP2, PZ, FC1, F4, F7, F9, F3, CP1, T5, FP1, F10, CZ, P4, O2, C4, FC6, FC2, F8, O1, C3"
PN13,28,CP2,"T3, T6, CP5, CP6, FZ, P3, T4, FP2, PZ, FC1, F4, F7, F9, F3, CP1, T5, FP1, F10, CZ, P4, O2, C4, FC6, FC2, F8, O1, C3, CP2"
PN13,29,FC5,"T3, T6, CP5, CP6, FZ, P3, T4, FP2, PZ, FC1, F4, F7, F9, F3, CP1, T5, FP1, F10, CZ, P4, O2, C4, FC6, FC2, F8, O1, C3, CP2, FC5"
PN14,1,T4,T4
PN14,2,PZ,"T4, PZ"
PN14,3,FC1,"T4, PZ, FC1"
PN14,4,CP5,"T4, PZ, FC1, CP5"
PN14,5,T5,"T4, PZ, FC1, CP5, T5"
PN14,6,FC6,"T4, PZ, FC1, CP5, T5, FC6"
PN14,7,FC2,"T4, PZ, FC1, CP5, T5, FC6, FC2"
PN14,8,P4,"T4, PZ, FC1, CP5, T5, FC6, FC2, P4"
PN14,9,F7,"T4, PZ, FC1, CP5, T5, FC6, FC2, P4, F7"
PN14,10,CP2,"T4, PZ, FC1, CP5, T5, FC6, FC2, P4, F7, CP2"
PN14,11,T3,"T4, PZ, FC1, CP5, T5, FC6, FC2, P4, F7, CP2, T3"
PN14,12,CP1,"T4, PZ, FC1, CP5, T5, FC6, FC2, P4, F7, CP2, T3, CP1"
PN14,13,T6,"T4, PZ, FC1, CP5, T5, FC6, FC2, P4, F7, CP2, T3, CP1, T6"
PN14,14,C4,"T4, PZ, FC1, CP5, T5, FC6, FC2, P4, F7, CP2, T3, CP1, T6, C4"
PN14,15,P3,"T4, PZ, FC1, CP5, T5, FC6, FC2, P4, F7, CP2, T3, CP1, T6, C4, P3"
PN14,16,F3,"T4, PZ, FC1, CP5, T5, FC6, FC2, P4, F7, CP2, T3, CP1, T6, C4, P3, F3"
PN14,17,CZ,"T4, PZ, FC1, CP5, T5, FC6, FC2, P4, F7, CP2, T3, CP1, T6, C4, P3, F3, CZ"
PN14,18,CP6,"T4, PZ, FC1, CP5, T5, FC6, FC2, P4, F7, CP2, T3, CP1, T6, C4, P3, F3, CZ, CP6"
PN14,19,F4,"T4, PZ, FC1, CP5, T5, FC6, FC2, P4, F7, CP2, T3, CP1, T6, C4, P3, F3, CZ, CP6, F4"
PN14,20,FP2,"T4, PZ, FC1, CP5, T5, FC6, FC2, P4, F7, CP2, T3, CP1, T6, C4, P3, F3, CZ, CP6, F4, FP2"
PN14,21,O1,"T4, PZ, FC1, CP5, T5, FC6, FC2, P4, F7, CP2, T3, CP1, T6, C4, P3, F3, CZ, CP6, F4, FP2, O1"
PN14,22,F10,"T4, PZ, FC1, CP5, T5, FC6, FC2, P4, F7, CP2, T3, CP1, T6, C4, P3, F3, CZ, CP6, F4, FP2, O1, F10"
PN14,23,FP1,"T4, PZ, FC1, CP5, T5, FC6, FC2, P4, F7, CP2, T3, CP1, T6, C4, P3, F3, CZ, CP6, F4, FP2, O1, F10, FP1"
PN14,24,F8,"T4, PZ, FC1, CP5, T5, FC6, FC2, P4, F7, CP2, T3, CP1, T6, C4, P3, F3, CZ, CP6, F4, FP2, O1, F10, FP1, F8"
PN14,25,FZ,"T4, PZ, FC1, CP5, T5, FC6, FC2, P4, F7, CP2, T3, CP1, T6, C4, P3, F3, CZ, CP6, F4, FP2, O1, F10, FP1, F8, FZ"
PN14,26,FC5,"T4, PZ, FC1, CP5, T5, FC6, FC2, P4, F7, CP2, T3, CP1, T6, C4, P3, F3, CZ, CP6, F4, FP2, O1, F10, FP1, F8, FZ, FC5"
PN14,27,O2,"T4, PZ, FC1, CP5, T5, FC6, FC2, P4, F7, CP2, T3, CP1, T6, C4, P3, F3, CZ, CP6, F4, FP2, O1, F10, FP1, F8, FZ, FC5, O2"
PN14,28,C3,"T4, PZ, FC1, CP5, T5, FC6, FC2, P4, F7, CP2, T3, CP1, T6, C4, P3, F3, CZ, CP6, F4, FP2, O1, F10, FP1, F8, FZ, FC5, O2, C3"
PN14,29,F9,"T4, PZ, FC1, CP5, T5, FC6, FC2, P4, F7, CP2, T3, CP1, T6, C4, P3, F3, CZ, CP6, F4, FP2, O1, F10, FP1, F8, FZ, FC5, O2, C3, F9"
PN16,1,T6,T6
PN16,2,CP5,"T6, CP5"
PN16,3,FC6,"T6, CP5, FC6"
PN16,4,T5,"T6, CP5, FC6, T5"
PN16,5,PZ,"T6, CP5, FC6, T5, PZ"
PN16,6,T3,"T6, CP5, FC6, T5, PZ, T3"
PN16,7,T4,"T6, CP5, FC6, T5, PZ, T3, T4"
PN16,8,P3,"T6, CP5, FC6, T5, PZ, T3, T4, P3"
PN16,9,CP1,"T6, CP5, FC6, T5, PZ, T3, T4, P3, CP1"
PN16,10,O1,"T6, CP5, FC6, T5, PZ, T3, T4, P3, CP1, O1"
PN16,11,FC1,"T6, CP5, FC6, T5, PZ, T3, T4, P3, CP1, O1, FC1"
PN16,12,F7,"T6, CP5, FC6, T5, PZ, T3, T4, P3, CP1, O1, FC1, F7"
PN16,13,P4,"T6, CP5, FC6, T5, PZ, T3, T4, P3, CP1, O1, FC1, F7, P4"
PN16,14,FC5,"T6, CP5, FC6, T5, PZ, T3, T4, P3, CP1, O1, FC1, F7, P4, FC5"
PN16,15,F10,"T6, CP5, FC6, T5, PZ, T3, T4, P3, CP1, O1, FC1, F7, P4, FC5, F10"
PN16,16,F3,"T6, CP5, FC6, T5, PZ, T3, T4, P3, CP1, O1, FC1, F7, P4, FC5, F10, F3"
PN16,17,CP2,"T6, CP5, FC6, T5, PZ, T3, T4, P3, CP1, O1, FC1, F7, P4, FC5, F10, F3, CP2"
PN16,18,FP1,"T6, CP5, FC6, T5, PZ, T3, T4, P3, CP1, O1, FC1, F7, P4, FC5, F10, F3, CP2, FP1"
PN16,19,CP6,"T6, CP5, FC6, T5, PZ, T3, T4, P3, CP1, O1, FC1, F7, P4, FC5, F10, F3, CP2, FP1, CP6"
PN16,20,F9,"T6, CP5, FC6, T5, PZ, T3, T4, P3, CP1, O1, FC1, F7, P4, FC5, F10, F3, CP2, FP1, CP6, F9"
PN16,21,F4,"T6, CP5, FC6, T5, PZ, T3, T4, P3, CP1, O1, FC1, F7, P4, FC5, F10, F3, CP2, FP1, CP6, F9, F4"
PN16,22,C4,"T6, CP5, FC6, T5, PZ, T3, T4, P3, CP1, O1, FC1, F7, P4, FC5, F10, F3, CP2, FP1, CP6, F9, F4, C4"
PN16,23,FP2,"T6, CP5, FC6, T5, PZ, T3, T4, P3, CP1, O1, FC1, F7, P4, FC5, F10, F3, CP2, FP1, CP6, F9, F4, C4, FP2"
PN16,24,O2,"T6, CP5, FC6, T5, PZ, T3, T4, P3, CP1, O1, FC1, F7, P4, FC5, F10, F3, CP2, FP1, CP6, F9, F4, C4, FP2, O2"
PN16,25,F8,"T6, CP5, FC6, T5, PZ, T3, T4, P3, CP1, O1, FC1, F7, P4, FC5, F10, F3, CP2, FP1, CP6, F9, F4, C4, FP2, O2, F8"
PN16,26,FC2,"T6, CP5, FC6, T5, PZ, T3, T4, P3, CP1, O1, FC1, F7, P4, FC5, F10, F3, CP2, FP1, CP6, F9, F4, C4, FP2, O2, F8, FC2"
PN16,27,CZ,"T6, CP5, FC6, T5, PZ, T3, T4, P3, CP1, O1, FC1, F7, P4, FC5, F10, F3, CP2, FP1, CP6, F9, F4, C4, FP2, O2, F8, FC2, CZ"
PN16,28,FZ,"T6, CP5, FC6, T5, PZ, T3, T4, P3, CP1, O1, FC1, F7, P4, FC5, F10, F3, CP2, FP1, CP6, F9, F4, C4, FP2, O2, F8, FC2, CZ, FZ"
PN16,29,C3,"T6, CP5, FC6, T5, PZ, T3, T4, P3, CP1, O1, FC1, F7, P4, FC5, F10, F3, CP2, FP1, CP6, F9, F4, C4, FP2, O2, F8, FC2, CZ, FZ, C3"
PN17,1,T6,T6
PN17,2,CP5,"T6, CP5"
PN17,3,F10,"T6, CP5, F10"
PN17,4,PZ,"T6, CP5, F10, PZ"
PN17,5,T3,"T6, CP5, F10, PZ, T3"
PN17,6,FC5,"T6, CP5, F10, PZ, T3, FC5"
PN17,7,P4,"T6, CP5, F10, PZ, T3, FC5, P4"
PN17,8,FC6,"T6, CP5, F10, PZ, T3, FC5, P4, FC6"
PN17,9,CP1,"T6, CP5, F10, PZ, T3, FC5, P4, FC6, CP1"
PN17,10,T4,"T6, CP5, F10, PZ, T3, FC5, P4, FC6, CP1, T4"
PN17,11,T5,"T6, CP5, F10, PZ, T3, FC5, P4, FC6, CP1, T4, T5"
PN17,12,FC1,"T6, CP5, F10, PZ, T3, FC5, P4, FC6, CP1, T4, T5, FC1"
PN17,13,CP6,"T6, CP5, F10, PZ, T3, FC5, P4, FC6, CP1, T4, T5, FC1, CP6"
PN17,14,FC2,"T6, CP5, F10, PZ, T3, FC5, P4, FC6, CP1, T4, T5, FC1, CP6, FC2"
PN17,15,P3,"T6, CP5, F10, PZ, T3, FC5, P4, FC6, CP1, T4, T5, FC1, CP6, FC2, P3"
PN17,16,F9,"T6, CP5, F10, PZ, T3, FC5, P4, FC6, CP1, T4, T5, FC1, CP6, FC2, P3, F9"
PN17,17,F3,"T6, CP5, F10, PZ, T3, FC5, P4, FC6, CP1, T4, T5, FC1, CP6, FC2, P3, F9, F3"
PN17,18,FZ,"T6, CP5, F10, PZ, T3, FC5, P4, FC6, CP1, T4, T5, FC1, CP6, FC2, P3, F9, F3, FZ"
PN17,19,C4,"T6, CP5, F10, PZ, T3, FC5, P4, FC6, CP1, T4, T5, FC1, CP6, FC2, P3, F9, F3, FZ, C4"
PN17,20,O1,"T6, CP5, F10, PZ, T3, FC5, P4, FC6, CP1, T4, T5, FC1, CP6, FC2, P3, F9, F3, FZ, C4, O1"
PN17,21,F4,"T6, CP5, F10, PZ, T3, FC5, P4, FC6, CP1, T4, T5, FC1, CP6, FC2, P3, F9, F3, FZ, C4, O1, F4"
PN17,22,FP2,"T6, CP5, F10, PZ, T3, FC5, P4, FC6, CP1, T4, T5, FC1, CP6, FC2, P3, F9, F3, FZ, C4, O1, F4, FP2"
PN17,23,CP2,"T6, CP5, F10, PZ, T3, FC5, P4, FC6, CP1, T4, T5, FC1, CP6, FC2, P3, F9, F3, FZ, C4, O1, F4, FP2, CP2"
PN17,24,F8,"T6, CP5, F10, PZ, T3, FC5, P4, FC6, CP1, T4, T5, FC1, CP6, FC2, P3, F9, F3, FZ, C4, O1, F4, FP2, CP2, F8"
PN17,25,O2,"T6, CP5, F10, PZ, T3, FC5, P4, FC6, CP1, T4, T5, FC1, CP6, FC2, P3, F9, F3, FZ, C4, O1, F4, FP2, CP2, F8, O2"
PN17,26,F7,"T6, CP5, F10, PZ, T3, FC5, P4, FC6, CP1, T4, T5, FC1, CP6, FC2, P3, F9, F3, FZ, C4, O1, F4, FP2, CP2, F8, O2, F7"
PN17,27,CZ,"T6, CP5, F10, PZ, T3, FC5, P4, FC6, CP1, T4, T5, FC1, CP6, FC2, P3, F9, F3, FZ, C4, O1, F4, FP2, CP2, F8, O2, F7, CZ"
PN17,28,FP1,"T6, CP5, F10, PZ, T3, FC5, P4, FC6, CP1, T4, T5, FC1, CP6, FC2, P3, F9, F3, FZ, C4, O1, F4, FP2, CP2, F8, O2, F7, CZ, FP1"
PN17,29,C3,"T6, CP5, F10, PZ, T3, FC5, P4, FC6, CP1, T4, T5, FC1, CP6, FC2, P3, F9, F3, FZ, C4, O1, F4, FP2, CP2, F8, O2, F7, CZ, FP1, C3"
