feature,interictal_median,preictal_median,preictal_minus_interictal,robust_standardized_shift,univariate_auc_preictal_vs_interictal,spearman_rho_time_to_onset,spearman_p_value
median_line_length_uv_per_sample,2.01588507583183,2.3710177477780316,0.3551326719462016,1.1432363379658417,0.7233870967741935,-0.9030303030303028,0.0003436121977632824
median_rms_uv,7.548594672329873,9.234461967273623,1.6858672949437494,1.1334289463832026,0.717741935483871,-0.5878787878787878,0.07387770688865808
median_theta_relative_power,0.3599150982531328,0.30989388592078115,-0.05002121233235163,-0.9769859065631045,0.24274193548387096,0.5636363636363636,0.0897240283170912
median_beta_relative_power,0.45460626890206246,0.4991925994411327,0.04458633053907024,0.8506623361812239,0.782258064516129,-0.4545454545454545,0.18690481034933196
median_spectral_entropy,0.9067803299366426,0.9183036691395214,0.011523339202878846,0.8002080326044925,0.8362903225806452,-0.5151515151515151,0.1275528697032343
spatial_iqr_line_length_uv_per_sample,1.6431998434842199,1.8575508747541893,0.21435103126996946,0.7751742999203848,0.5403225806451613,-0.9515151515151514,2.279854920641689e-05
median_hjorth_mobility,0.3414841693598747,0.35054994981262216,0.009065780452747474,0.21486543751872547,0.557258064516129,-0.7575757575757575,0.011143446799694208
median_hjorth_complexity,3.9330103866531525,3.8451266292274866,-0.0878837574256659,-0.17957796632298825,0.44516129032258067,0.709090909090909,0.02166592336753244
median_alpha_relative_power,0.16123896296171927,0.15879961242622131,-0.0024393505354979583,-0.12008721169220231,0.4806451612903226,0.33333333333333326,0.3465935070873343
