threshold,sensitivity,time_in_warning,false_alarms_per_hour,captured_seizures,total_seizures,median_warning_lead_seconds,operating_utility
0.0,1.0,0.9833333333333333,12.0,39.0,39.0,295.0,0.5541666666666665
0.006347307110434038,1.0,0.9833333333333333,12.0,39.0,39.0,295.0,0.5541666666666665
0.009815849735702074,1.0,0.978974358974359,12.0,39.0,39.0,295.0,0.55525641025641
0.014911026814375004,1.0,0.9724786324786325,11.923076923076923,39.0,39.0,295.0,0.5645726495726495
0.020634179713159187,1.0,0.9694017094017094,11.923076923076923,39.0,39.0,295.0,0.5653418803418804
0.02406134492273289,1.0,0.9607692307692308,11.923076923076923,39.0,39.0,295.0,0.5675
0.02824891537015609,1.0,0.9592307692307692,11.923076923076923,39.0,39.0,295.0,0.5678846153846154
0.0317096627784772,1.0,0.9525641025641025,11.923076923076923,39.0,39.0,295.0,0.569551282051282
0.035546439878315496,1.0,0.9466666666666667,11.923076923076923,39.0,39.0,295.0,0.571025641025641
0.03902963860708476,1.0,0.9435042735042735,11.923076923076923,39.0,39.0,295.0,0.5718162393162394
0.04517190030302094,1.0,0.9390598290598291,11.923076923076923,39.0,39.0,295.0,0.5729273504273504
0.04944408244905394,1.0,0.9301709401709402,11.846153846153847,39.0,39.0,295.0,0.5828418803418803
0.053312282509467054,1.0,0.9303418803418804,11.846153846153847,39.0,39.0,295.0,0.5827991452991452
0.058192152637505934,1.0,0.9258119658119658,11.76923076923077,39.0,39.0,295.0,0.5916239316239316
0.061962073586688184,1.0,0.9209401709401709,11.692307692307692,39.0,39.0,295.0,0.600534188034188
0.06633025216473314,1.0,0.9135042735042735,11.692307692307692,39.0,39.0,295.0,0.6023931623931623
0.06891926667618459,1.0,0.9065811965811966,11.692307692307692,39.0,39.0,295.0,0.6041239316239315
0.07091073836419068,1.0,0.8987179487179487,11.692307692307692,39.0,39.0,295.0,0.6060897435897435
0.0727381273552167,1.0,0.8947863247863248,11.692307692307692,39.0,39.0,295.0,0.6070726495726495
0.07461676030541421,0.9743589743589743,0.8899145299145299,11.692307692307692,38.0,39.0,295.0,0.5570085470085469
0.07703996734140181,0.9487179487179487,0.8875213675213676,11.692307692307692,37.0,39.0,295.0,0.5063247863247862
0.0797316522356196,0.9487179487179487,0.8827350427350428,11.692307692307692,37.0,39.0,295.0,0.5075213675213673
0.0821030647913899,0.9487179487179487,0.8799145299145299,11.615384615384615,37.0,39.0,295.0,0.5159188034188033
0.08512108689550982,0.9230769230769231,0.8755555555555555,11.615384615384615,36.0,39.0,295.0,0.4657264957264957
0.08797736985147823,0.9230769230769231,0.8724786324786324,11.538461538461538,36.0,39.0,295.0,0.4741880341880342
0.09098090869870475,0.8974358974358975,0.8657264957264957,11.461538461538462,35.0,39.0,295.0,0.43228632478632467
0.09385969772366375,0.8974358974358975,0.8575213675213675,11.384615384615385,35.0,39.0,295.0,0.4420299145299144
0.09600788158612351,0.8974358974358975,0.8497435897435898,11.384615384615385,35.0,39.0,295.0,0.4439743589743589
0.0982676374600744,0.8974358974358975,0.849059829059829,11.307692307692308,35.0,39.0,295.0,0.4518376068376067
0.10053293967468681,0.8974358974358975,0.8411111111111111,11.307692307692308,35.0,39.0,295.0,0.4538247863247862
0.10298084750261749,0.8974358974358975,0.8412820512820512,11.307692307692308,35.0,39.0,295.0,0.4537820512820512
0.10547945013804866,0.8974358974358975,0.8335042735042735,11.153846153846153,35.0,39.0,295.0,0.47111111111111115
0.10807622508634408,0.8974358974358975,0.8294017094017094,11.076923076923077,35.0,39.0,295.0,0.4798290598290598
0.11031230331753854,0.8974358974358975,0.8258974358974359,11.076923076923077,35.0,39.0,295.0,0.48070512820512823
0.11340971513024047,0.8974358974358975,0.822991452991453,11.076923076923077,35.0,39.0,295.0,0.4814316239316239
0.11703162204491255,0.8974358974358975,0.8168376068376069,11.076923076923077,35.0,39.0,295.0,0.48297008547008546
0.12045456409499984,0.8974358974358975,0.813076923076923,11.0,35.0,39.0,295.0,0.4916025641025641
0.12342694650008018,0.8974358974358975,0.8082051282051282,10.923076923076923,35.0,39.0,295.0,0.5005128205128204
0.12642106284081508,0.8974358974358975,0.8047008547008547,10.846153846153847,35.0,39.0,295.0,0.5090811965811965
0.12859314750824113,0.8974358974358975,0.7976923076923077,10.846153846153847,35.0,39.0,295.0,0.5108333333333333
0.13021819244955524,0.8717948717948718,0.7941880341880342,10.846153846153847,34.0,39.0,295.0,0.4604273504273503
0.13219493235400462,0.8717948717948718,0.7854700854700855,10.846153846153847,34.0,39.0,295.0,0.4626068376068375
0.13375409892989157,0.8717948717948718,0.7811965811965812,10.846153846153847,34.0,39.0,295.0,0.4636752136752136
0.1358065813506355,0.8717948717948718,0.778034188034188,10.846153846153847,34.0,39.0,295.0,0.4644658119658118
0.1374389993126184,0.8717948717948718,0.773931623931624,10.76923076923077,34.0,39.0,295.0,0.47318376068376056
0.13905509308393219,0.8717948717948718,0.7711111111111111,10.76923076923077,34.0,39.0,295.0,0.47388888888888875
0.14049380861513835,0.8717948717948718,0.7649572649572649,10.76923076923077,34.0,39.0,295.0,0.4754273504273503
0.142288895223806,0.8717948717948718,0.7589743589743589,10.692307692307692,34.0,39.0,295.0,0.48461538461538467
0.1440729679232596,0.8717948717948718,0.7554700854700854,10.615384615384615,34.0,39.0,295.0,0.4931837606837607
0.14585723462054917,0.8461538461538461,0.7517948717948718,10.615384615384615,33.0,39.0,295.0,0.4428205128205128
0.1475393483480298,0.8461538461538461,0.7425641025641025,10.615384615384615,33.0,39.0,295.0,0.4451282051282051
0.1492379115534638,0.8461538461538461,0.7375213675213675,10.615384615384615,33.0,39.0,295.0,0.44638888888888884
0.15105780836631152,0.8461538461538461,0.7343589743589743,10.615384615384615,33.0,39.0,295.0,0.4471794871794872
0.15251971315103216,0.8205128205128205,0.7270940170940171,10.461538461538462,32.0,39.0,295.0,0.4130982905982905
0.15430530906862652,0.8205128205128205,0.7198290598290599,10.461538461538462,32.0,39.0,295.0,0.4149145299145298
0.1558289939181997,0.8205128205128205,0.7127350427350427,10.461538461538462,32.0,39.0,295.0,0.4166880341880341
0.15741367629533037,0.8205128205128205,0.7114529914529915,10.461538461538462,32.0,39.0,295.0,0.4170085470085469
0.15905433431883756,0.8205128205128205,0.7043589743589743,10.461538461538462,32.0,39.0,295.0,0.41878205128205115
0.16101698738520992,0.8205128205128205,0.7021367521367521,10.461538461538462,32.0,39.0,295.0,0.41933760683760674
0.16239815820195394,0.8205128205128205,0.6984615384615385,10.384615384615385,32.0,39.0,295.0,0.4279487179487178
0.16422254250878818,0.8205128205128205,0.6921367521367522,10.384615384615385,32.0,39.0,295.0,0.4295299145299144
0.16593524800714013,0.8205128205128205,0.6896581196581196,10.307692307692308,32.0,39.0,295.0,0.4378418803418802
0.16723946207396237,0.8205128205128205,0.6861538461538461,10.307692307692308,32.0,39.0,295.0,0.43871794871794856
0.1687190356391569,0.8205128205128205,0.68,10.307692307692308,32.0,39.0,295.0,0.44025641025641005
0.1699414582738508,0.8205128205128205,0.6735042735042736,10.23076923076923,32.0,39.0,295.0,0.4495726495726496
0.17140856532923143,0.8205128205128205,0.6694017094017094,10.153846153846153,32.0,39.0,295.0,0.45829059829059826
0.1730157731600426,0.8205128205128205,0.6606837606837607,10.153846153846153,32.0,39.0,295.0,0.4604700854700855
0.1742999952409066,0.8205128205128205,0.6534188034188034,10.153846153846153,32.0,39.0,295.0,0.4622863247863248
0.17557480155262326,0.8205128205128205,0.6493162393162393,10.0,32.0,39.0,295.0,0.47869658119658115
0.17753125140098827,0.8205128205128205,0.642051282051282,9.923076923076923,32.0,39.0,295.0,0.4882051282051281
0.1788063024988204,0.8205128205128205,0.638974358974359,9.923076923076923,32.0,39.0,295.0,0.4889743589743589
0.1801905466865554,0.8205128205128205,0.6417948717948718,9.923076923076923,32.0,39.0,295.0,0.4882692307692307
0.18161598338365423,0.8205128205128205,0.6352991452991453,9.846153846153847,32.0,39.0,295.0,0.49758547008546994
0.18290653600574697,0.8205128205128205,0.6285470085470085,9.692307692307692,32.0,39.0,295.0,0.5146581196581196
0.18459724602602887,0.8205128205128205,0.622991452991453,9.615384615384615,32.0,39.0,295.0,0.5237393162393161
0.18601887912641502,0.8205128205128205,0.6203418803418803,9.615384615384615,32.0,39.0,295.0,0.5244017094017093
0.18727126757144202,0.8205128205128205,0.6167521367521368,9.615384615384615,32.0,39.0,295.0,0.5252991452991452
0.18845871820412116,0.8205128205128205,0.604017094017094,9.615384615384615,32.0,39.0,295.0,0.5284829059829059
0.19002014737296513,0.8205128205128205,0.5985470085470086,9.615384615384615,32.0,39.0,295.0,0.5298504273504272
0.19152377152619918,0.8205128205128205,0.594957264957265,9.615384615384615,32.0,39.0,295.0,0.5307478632478632
0.19315603417863772,0.8205128205128205,0.5915384615384616,9.615384615384615,32.0,39.0,295.0,0.531602564102564
0.1944618144998824,0.7948717948717948,0.5862393162393162,9.461538461538462,31.0,39.0,295.0,0.49702991452991435
0.19572183119310654,0.7948717948717948,0.5776923076923077,9.384615384615385,31.0,39.0,295.0,0.5068589743589742
0.19732357225293562,0.7948717948717948,0.5765811965811966,9.307692307692308,31.0,39.0,295.0,0.5148290598290596
0.19886742408384894,0.7948717948717948,0.5662393162393162,9.23076923076923,31.0,39.0,295.0,0.5251068376068375
0.20089766899997274,0.7948717948717948,0.5635042735042735,9.23076923076923,31.0,39.0,295.0,0.5257905982905983
0.20244517471667017,0.7948717948717948,0.5602564102564103,9.23076923076923,31.0,39.0,295.0,0.526602564102564
0.2045017827834517,0.7948717948717948,0.5560683760683761,9.153846153846153,31.0,39.0,295.0,0.5353418803418802
0.20616577335952624,0.7948717948717948,0.551965811965812,9.076923076923077,31.0,39.0,295.0,0.544059829059829
0.20803510545694204,0.7948717948717948,0.5483760683760683,9.076923076923077,31.0,39.0,295.0,0.5449572649572649
0.2093461886575765,0.7948717948717948,0.5442735042735043,9.0,31.0,39.0,295.0,0.5536752136752136
0.21129825524409648,0.7948717948717948,0.5375213675213675,9.0,31.0,39.0,295.0,0.5553632478632478
0.21329073099547874,0.7948717948717948,0.5328205128205128,8.846153846153847,31.0,39.0,295.0,0.5719230769230768
0.21498880720779992,0.7948717948717948,0.5292307692307693,8.846153846153847,31.0,39.0,295.0,0.5728205128205126
0.2164287731111486,0.7948717948717948,0.531025641025641,8.846153846153847,31.0,39.0,295.0,0.5723717948717947
0.2180283023620718,0.7948717948717948,0.5271794871794871,8.846153846153847,31.0,39.0,295.0,0.5733333333333331
0.2198774385282421,0.7948717948717948,0.5233333333333333,8.846153846153847,31.0,39.0,295.0,0.5742948717948716
0.22122933765366534,0.7692307692307693,0.5186324786324786,8.76923076923077,30.0,39.0,295.0,0.5318803418803418
0.22287666749175858,0.7692307692307693,0.5134188034188034,8.692307692307692,30.0,39.0,295.0,0.5408760683760685
0.22411201030386182,0.7692307692307693,0.505982905982906,8.615384615384615,30.0,39.0,295.0,0.5504273504273505
0.22567876648496554,0.7692307692307693,0.4994017094017094,8.538461538461538,30.0,39.0,295.0,0.5597649572649572
0.2271467176775676,0.7692307692307693,0.4952991452991453,8.538461538461538,30.0,39.0,295.0,0.5607905982905983
0.22837132082757586,0.7692307692307693,0.4872649572649573,8.384615384615385,30.0,39.0,295.0,0.5781837606837607
0.22994728746618628,0.7692307692307693,0.4829059829059829,8.384615384615385,30.0,39.0,295.0,0.5792735042735042
0.2314976982735054,0.7435897435897436,0.4777777777777778,8.23076923076923,29.0,39.0,295.0,0.5446581196581197
0.23349930677605893,0.7435897435897436,0.47042735042735045,8.076923076923077,29.0,39.0,295.0,0.5618803418803419
0.23488294040645044,0.7435897435897436,0.46555555555555556,8.0,29.0,39.0,295.0,0.5707905982905983
0.23675426280930933,0.7435897435897436,0.46658119658119657,8.0,29.0,39.0,295.0,0.5705341880341881
0.2382729800275812,0.7435897435897436,0.4626495726495726,8.0,29.0,39.0,295.0,0.571517094017094
0.2401398513290492,0.7435897435897436,0.45564102564102565,8.0,29.0,39.0,295.0,0.5732692307692308
0.24185063859721204,0.7435897435897436,0.45247863247863246,8.0,29.0,39.0,295.0,0.5740598290598291
0.24306160330978924,0.7435897435897436,0.4478632478632479,7.846153846153846,29.0,39.0,295.0,0.5905982905982906
0.24433413828495298,0.7435897435897436,0.4394017094017094,7.769230769230769,29.0,39.0,295.0,0.6004059829059829
0.24581043595169097,0.7435897435897436,0.43854700854700857,7.769230769230769,29.0,39.0,295.0,0.6006196581196581
0.2475003767592894,0.7435897435897436,0.4345299145299145,7.6923076923076925,29.0,39.0,295.0,0.6093162393162393
0.24889862253175238,0.7435897435897436,0.4288888888888889,7.6923076923076925,29.0,39.0,295.0,0.6107264957264957
0.2503283009713972,0.7435897435897436,0.4252136752136752,7.538461538461538,29.0,39.0,295.0,0.6270299145299146
0.25166847537272663,0.7435897435897436,0.418974358974359,7.384615384615385,29.0,39.0,295.0,0.643974358974359
0.2534779615452321,0.7435897435897436,0.4153846153846154,7.384615384615385,29.0,39.0,295.0,0.6448717948717949
0.25538215565700095,0.7435897435897436,0.4058119658119658,7.384615384615385,29.0,39.0,295.0,0.6472649572649573
0.2565192241735707,0.7435897435897436,0.40623931623931625,7.3076923076923075,29.0,39.0,295.0,0.6548504273504273
0.25806748238302374,0.7435897435897436,0.3977777777777778,7.153846153846154,29.0,39.0,295.0,0.6723504273504273
0.25939679366173085,0.7435897435897436,0.3917094017094017,7.153846153846154,29.0,39.0,295.0,0.6738675213675213
0.2608201515436774,0.7435897435897436,0.3865811965811966,7.0,29.0,39.0,295.0,0.690534188034188
0.26197506138356313,0.7435897435897436,0.3851282051282051,7.0,29.0,39.0,295.0,0.6908974358974359
0.26310858068438714,0.7435897435897436,0.3806837606837607,6.769230769230769,29.0,39.0,295.0,0.7150854700854701
0.264730623532458,0.7435897435897436,0.37777777777777777,6.6923076923076925,29.0,39.0,295.0,0.7235042735042735
0.2661303502974667,0.717948717948718,0.37461538461538463,6.6923076923076925,28.0,39.0,295.0,0.6730128205128204
0.2676289629297999,0.717948717948718,0.36957264957264957,6.6923076923076925,28.0,39.0,295.0,0.6742735042735042
0.2696216872218698,0.717948717948718,0.36752136752136755,6.6923076923076925,28.0,39.0,295.0,0.6747863247863247
0.2711298874889144,0.717948717948718,0.3617094017094017,6.615384615384615,28.0,39.0,295.0,0.683931623931624
0.2732449165441048,0.717948717948718,0.3570940170940171,6.3076923076923075,28.0,39.0,295.0,0.7158547008547009
0.2750646946731343,0.6923076923076923,0.3524786324786325,6.230769230769231,27.0,39.0,295.0,0.6734188034188033
0.2769864525621422,0.6923076923076923,0.3474358974358974,5.923076923076923,27.0,39.0,295.0,0.7054487179487179
0.2793055510964438,0.6666666666666666,0.3435897435897436,5.923076923076923,26.0,39.0,295.0,0.655128205128205
0.2811928051752711,0.6666666666666666,0.33487179487179486,5.769230769230769,26.0,39.0,295.0,0.6726923076923076
0.2845457746150321,0.6666666666666666,0.32871794871794874,5.6923076923076925,26.0,39.0,295.0,0.6819230769230767
0.28636177988761635,0.6410256410256411,0.3237606837606838,5.615384615384615,25.0,39.0,295.0,0.6395726495726497
0.2888913425713623,0.6410256410256411,0.32042735042735043,5.538461538461538,25.0,39.0,295.0,0.6480982905982907
0.2910515553360648,0.6410256410256411,0.3130769230769231,5.461538461538462,25.0,39.0,295.0,0.6576282051282052
0.2935704406821543,0.6410256410256411,0.31162393162393165,5.3076923076923075,25.0,39.0,295.0,0.6733760683760684
0.2957432390570271,0.6410256410256411,0.3064957264957265,5.230769230769231,25.0,39.0,295.0,0.6823504273504274
0.2980273394152516,0.6410256410256411,0.30034188034188036,5.153846153846154,25.0,39.0,295.0,0.6915811965811967
0.3011260740403458,0.6410256410256411,0.29555555555555557,5.153846153846154,25.0,39.0,295.0,0.6927777777777778
0.3032371427100904,0.6410256410256411,0.28786324786324785,5.0,25.0,39.0,295.0,0.7100854700854702
0.3058509699675968,0.6410256410256411,0.28581196581196583,5.0,25.0,39.0,295.0,0.7105982905982907
0.30838609857338933,0.6410256410256411,0.2784615384615385,4.923076923076923,25.0,39.0,295.0,0.7201282051282052
0.31117769832053466,0.6410256410256411,0.27418803418803417,4.846153846153846,25.0,39.0,295.0,0.7288888888888889
0.3142346425258289,0.6410256410256411,0.26863247863247863,4.769230769230769,25.0,39.0,295.0,0.7379700854700855
0.31737102797355277,0.6410256410256411,0.2635897435897436,4.6923076923076925,25.0,39.0,295.0,0.7469230769230769
0.3198614396280544,0.6410256410256411,0.25982905982905985,4.6923076923076925,25.0,39.0,295.0,0.7478632478632479
0.3222361282450241,0.6153846153846154,0.25564102564102564,4.615384615384615,24.0,39.0,285.0,0.705320512820513
0.3244766717214649,0.6153846153846154,0.25196581196581197,4.615384615384615,24.0,39.0,280.0,0.7062393162393164
0.3271612597053363,0.5897435897435898,0.24735042735042734,4.538461538461538,23.0,39.0,295.0,0.6638034188034189
0.3299011880101665,0.5641025641025641,0.24333333333333335,4.538461538461538,22.0,39.0,295.0,0.6135256410256411
0.33386749690924794,0.5641025641025641,0.23735042735042736,4.461538461538462,22.0,39.0,295.0,0.6227136752136753
0.33675969286464413,0.5641025641025641,0.23376068376068376,4.461538461538462,22.0,39.0,295.0,0.6236111111111111
0.33992791490269697,0.5641025641025641,0.2294017094017094,4.3076923076923075,22.0,39.0,295.0,0.64008547008547
0.3426263549632655,0.5641025641025641,0.22547008547008546,4.3076923076923075,22.0,39.0,295.0,0.6410683760683761
0.345387169418831,0.5384615384615384,0.21324786324786324,4.3076923076923075,21.0,39.0,295.0,0.5928418803418802
0.3490324221800199,0.5384615384615384,0.20752136752136752,4.230769230769231,21.0,39.0,295.0,0.6019658119658119
0.35122796040507687,0.5128205128205128,0.202991452991453,4.076923076923077,20.0,39.0,265.0,0.5672008547008546
0.3538389250735292,0.5128205128205128,0.1999145299145299,4.0,20.0,39.0,245.0,0.5756623931623931
0.35714574751980377,0.4358974358974359,0.19427350427350426,3.923076923076923,17.0,39.0,240.0,0.43091880341880345
0.36176055001596186,0.4358974358974359,0.19034188034188035,3.8461538461538463,17.0,39.0,240.0,0.4395940170940171
0.3657371848174362,0.41025641025641024,0.18581196581196582,3.8461538461538463,16.0,39.0,237.5,0.38944444444444437
0.3694856176689117,0.41025641025641024,0.18068376068376069,3.8461538461538463,16.0,39.0,235.0,0.39072649572649565
0.3730741536710367,0.41025641025641024,0.17487179487179488,3.6153846153846154,16.0,39.0,235.0,0.4152564102564102
0.3774643181109889,0.41025641025641024,0.1711111111111111,3.6153846153846154,16.0,39.0,232.5,0.4161965811965811
0.3808338271872124,0.41025641025641024,0.16538461538461538,3.5384615384615383,16.0,39.0,232.5,0.42532051282051275
0.3841684437764998,0.41025641025641024,0.15735042735042734,3.5384615384615383,16.0,39.0,230.0,0.4273290598290598
0.386916201467052,0.38461538461538464,0.15367521367521367,3.4615384615384617,15.0,39.0,230.0,0.38465811965811963
0.39001224009116064,0.358974358974359,0.1505982905982906,3.3846153846153846,14.0,39.0,227.5,0.34183760683760683
0.3937225639340344,0.358974358974359,0.14504273504273504,3.230769230769231,14.0,39.0,225.0,0.3586111111111111
0.3987939126498783,0.3076923076923077,0.13905982905982905,3.076923076923077,12.0,39.0,227.5,0.27292735042735045
0.40377301968076174,0.3076923076923077,0.13427350427350426,3.0,12.0,39.0,222.5,0.28181623931623934
0.40851862300935665,0.3076923076923077,0.12444444444444444,2.923076923076923,12.0,39.0,222.5,0.291965811965812
0.41556536896200597,0.28205128205128205,0.12179487179487179,2.8461538461538463,11.0,39.0,220.0,0.2490384615384615
0.42214274771341165,0.28205128205128205,0.11683760683760684,2.769230769230769,11.0,39.0,215.0,0.25797008547008543
0.42871269965547,0.28205128205128205,0.11273504273504273,2.6923076923076925,11.0,39.0,215.0,0.26668803418803416
0.4338619859108904,0.2564102564102564,0.1076923076923077,2.6153846153846154,10.0,39.0,207.5,0.22435897435897428
0.4419788108748863,0.2564102564102564,0.10264957264957265,2.4615384615384617,10.0,39.0,205.0,0.24100427350427345
0.44878179796384304,0.23076923076923078,0.09820512820512821,2.3846153846153846,9.0,39.0,205.0,0.19852564102564105
0.4567266296612221,0.20512820512820512,0.0941025641025641,2.3076923076923075,8.0,39.0,247.5,0.15596153846153846
0.461934491415411,0.15384615384615385,0.08897435897435897,2.230769230769231,6.0,39.0,295.0,0.06237179487179488
0.470889903551426,0.1282051282051282,0.082991452991453,2.0,5.0,39.0,295.0,0.03566239316239313
0.47965046813630186,0.1282051282051282,0.07641025641025641,1.8461538461538463,5.0,39.0,295.0,0.05269230769230766
0.48767458821097986,0.10256410256410256,0.07247863247863248,1.6153846153846154,4.0,39.0,295.0,0.025470085470085453
0.4981267010867121,0.10256410256410256,0.0641025641025641,1.4615384615384615,4.0,39.0,295.0,0.042948717948717935
0.5112731533123634,0.10256410256410256,0.05871794871794872,1.4615384615384615,4.0,39.0,295.0,0.04429487179487178
0.5214526733483937,0.10256410256410256,0.05247863247863248,1.2307692307692308,4.0,39.0,295.0,0.06893162393162391
0.5303196509010607,0.10256410256410256,0.04974358974358974,1.2307692307692308,4.0,39.0,295.0,0.0696153846153846
0.5393470838667719,0.10256410256410256,0.045726495726495724,1.0,4.0,39.0,247.5,0.09369658119658118
0.5574981179363091,0.07692307692307693,0.041025641025641026,0.9230769230769231,3.0,39.0,295.0,0.05128205128205129
0.5764461394230209,0.05128205128205128,0.03641025641025641,0.8461538461538461,2.0,39.0,295.0,0.008846153846153839
0.5945755285647575,0.05128205128205128,0.03094017094017094,0.6153846153846154,2.0,39.0,295.0,0.033290598290598286
0.6182754728323309,0.05128205128205128,0.02564102564102564,0.5384615384615384,2.0,39.0,295.0,0.0423076923076923
0.6500544255690686,0.05128205128205128,0.021025641025641025,0.38461538461538464,2.0,39.0,292.5,0.05884615384615384
0.6987040131490083,0.0,0.014786324786324787,0.38461538461538464,0.0,39.0,,-0.042158119658119664
0.7518731431126264,0.0,0.008205128205128205,0.3076923076923077,0.0,39.0,,-0.03282051282051282
0.777994427404315,0.0,0.0029914529914529917,0.15384615384615385,0.0,39.0,,-0.016132478632478634
0.8599442352598056,0.0,0.0,0.0,0.0,39.0,,0.0
1.0,0.0,0.0,0.0,0.0,39.0,,0.0
