feature,readable_feature,observed_value,training_median,original_event_risk,counterfactual_event_risk,risk_change_when_observed,absolute_risk_change
median_absolute_channel_correlation_mean,median absolute channel correlation — context mean,0.4692340346515036,0.35690753835930766,0.5193407950483999,0.3636469653803639,0.15569382966803602,0.15569382966803602
hjorth_complexity_channel_p90_std,hjorth complexity channel p90 — context variability,2.6449173136178055,1.261039611069817,0.5193407950483999,0.45939056423048397,0.05995023081791595,0.05995023081791595
hjorth_mobility_mean,Hjorth mobility — context mean,0.4115063143311375,0.5715318393060548,0.5193407950483999,0.4848977776984815,0.03444301734991839,0.03444301734991839
hjorth_complexity_mean,Hjorth complexity — context mean,3.9326041317709968,2.679151852012871,0.5193407950483999,0.4968482533063897,0.022492541742010208,0.022492541742010208
hjorth_complexity_channel_p90_mean,hjorth complexity channel p90 — context mean,7.923244183703637,4.37523547366837,0.5193407950483999,0.49730799189621644,0.022032803152183478,0.022032803152183478
log_rms_channel_p90_mean,log rms channel p90 — context mean,3.912172744926911,3.0810361784887252,0.5193407950483999,0.5026731598404602,0.01666763520793968,0.01666763520793968
zero_crossing_rate_channel_p90_mean,zero crossing rate channel p90 — context mean,0.205564263322884,0.2538270637408569,0.5193407950483999,0.5027238224960207,0.01661697255237926,0.01661697255237926
hjorth_mobility_channel_iqr_std,hjorth mobility channel iqr — context variability,0.0529237774732441,0.06368091208760995,0.5193407950483999,0.5331055716243672,-0.013764776575967308,0.013764776575967308
zero_crossing_rate_mean,zero-crossing rate — context mean,0.1217345872518286,0.1786833855799373,0.5193407950483999,0.5057790012480472,0.013561793800352717,0.013561793800352717
log_rms_channel_iqr_mean,log rms channel iqr — context mean,1.0734900326549095,0.5885054119535134,0.5193407950483999,0.5080177292033549,0.011323065845045055,0.011323065845045055
log_robust_range_channel_p90_mean,log robust range channel p90 — context mean,4.997340128486381,4.191385814345948,0.5193407950483999,0.508243254902406,0.011097540145993956,0.011097540145993956
log_mad_channel_p90_std,log mad channel p90 — context variability,0.5234521584822608,0.3691797200275097,0.5193407950483999,0.5102046843498089,0.009136110698590993,0.009136110698590993
log_rms_channel_p90_std,log rms channel p90 — context variability,0.4708527080353454,0.40489357536481835,0.5193407950483999,0.5282358931873755,-0.008895098138975599,0.008895098138975599
log_line_length_channel_iqr_mean,log line length channel iqr — context mean,0.51474339218391,0.3116679954787198,0.5193407950483999,0.5105941865503512,0.008746608498048758,0.008746608498048758
log_rms_mean,log RMS amplitude — context mean,2.77150091549693,2.371492695543572,0.5193407950483999,0.5106671414101681,0.008673653638231804,0.008673653638231804
log_robust_range_channel_iqr_std,log robust range channel iqr — context variability,0.2606941969724679,0.1748412821717866,0.5193407950483999,0.5274394434171479,-0.008098648368747963,0.008098648368747963
log_mad_channel_p90_mean,log mad channel p90 — context mean,3.861836638322347,2.8440479583307985,0.5193407950483999,0.527419466335368,-0.008078671286968042,0.008078671286968042
hjorth_mobility_channel_p90_mean,hjorth mobility channel p90 — context mean,0.6062853688903743,0.7815027147232081,0.5193407950483999,0.5122666158279012,0.007074179220498689,0.007074179220498689
log_robust_range_channel_iqr_mean,log robust range channel iqr — context mean,1.0923418641101896,0.6194051184696941,0.5193407950483999,0.513648143249761,0.00569265179863887,0.00569265179863887
log_mad_channel_iqr_mean,log mad channel iqr — context mean,1.0198719553204467,0.5436154234208886,0.5193407950483999,0.5250139841614739,-0.0056731891130740175,0.0056731891130740175
hjorth_complexity_std,Hjorth complexity — context variability,0.8517905603301328,0.5093033373651162,0.5193407950483999,0.5139145961306426,0.005426198917757308,0.005426198917757308
log_mad_mean,log robust amplitude — context mean,2.657098923892718,2.2317624281457302,0.5193407950483999,0.5140506204019033,0.005290174646496615,0.005290174646496615
zero_crossing_rate_channel_p90_std,zero crossing rate channel p90 — context variability,0.043220914320215,0.038851946160329,0.5193407950483999,0.5161227116682628,0.003218083380137071,0.003218083380137071
zero_crossing_rate_last,zero-crossing rate — most recent interval,0.1003134796238244,0.1818181818181818,0.5193407950483999,0.5163064447251512,0.0030343503232487246,0.0030343503232487246
log_line_length_channel_p90_std,log line length channel p90 — context variability,0.2535436321920721,0.16785651297444626,0.5193407950483999,0.5223272702908497,-0.002986475242449771,0.002986475242449771
hjorth_mobility_std,Hjorth mobility — context variability,0.0907930713342507,0.10439183049819645,0.5193407950483999,0.516582864869671,0.00275793017872894,0.00275793017872894
hjorth_mobility_channel_iqr_mean,hjorth mobility channel iqr — context mean,0.1850935677299728,0.22515312074311677,0.5193407950483999,0.5220273127542636,-0.0026865177058637,0.0026865177058637
log_line_length_channel_iqr_last,log line length channel iqr — most recent interval,0.5391979390002155,0.2852363129156199,0.5193407950483999,0.5220197790697196,-0.002678984021319719,0.002678984021319719
log_rms_std,log RMS amplitude — context variability,0.3153353276522584,0.2662518428164077,0.5193407950483999,0.5220192391502309,-0.0026784441018309346,0.0026784441018309346
hjorth_complexity_channel_iqr_mean,hjorth complexity channel iqr — context mean,1.9630833573798865,1.1532749865413492,0.5193407950483999,0.5166893354694239,0.0026514595789760564,0.0026514595789760564
log_robust_range_std,log robust peak-to-peak range — context variability,0.3347907824730852,0.28090829997658107,0.5193407950483999,0.5219128357763074,-0.0025720407279075097,0.0025720407279075097
log_rms_channel_iqr_std,log rms channel iqr — context variability,0.2613600127297706,0.16972149631887373,0.5193407950483999,0.5168338906155137,0.002506904432886259,0.002506904432886259
zero_crossing_rate_channel_iqr_std,zero crossing rate channel iqr — context variability,0.0165378246302282,0.0205545736488926,0.5193407950483999,0.5216676453440946,-0.0023268502956946824,0.0023268502956946824
hjorth_complexity_slope,Hjorth complexity — two-minute trend,-0.0100400670565843,-0.0001505764881929,0.5193407950483999,0.5216132207694277,-0.0022724257210278154,0.0022724257210278154
zero_crossing_rate_channel_iqr_mean,zero crossing rate channel iqr — context mean,0.0714472309299895,0.0783699059561128,0.5193407950483999,0.5214573422419778,-0.0021165471935779,0.0021165471935779
hjorth_mobility_channel_p90_last,hjorth mobility channel p90 — most recent interval,0.6173146734434757,0.7790304095140441,0.5193407950483999,0.5173589289617355,0.0019818660866643967,0.0019818660866643967
hjorth_mobility_channel_iqr_last,hjorth mobility channel iqr — most recent interval,0.1549080783815928,0.21502439505954346,0.5193407950483999,0.5173740187134643,0.0019667763349355827,0.0019667763349355827
log_mad_channel_p90_slope,log mad channel p90 — two-minute trend,-0.0068752588254938,-0.00019219873685495,0.5193407950483999,0.5177384763311963,0.0016023187172036213,0.0016023187172036213
log_robust_range_mean,log robust peak-to-peak range — context mean,3.914269990516315,3.469296514797795,0.5193407950483999,0.5208587799719374,-0.0015179849235374965,0.0015179849235374965
log_mad_std,log robust amplitude — context variability,0.3565987216454211,0.23739737267919897,0.5193407950483999,0.5178390626923892,0.0015017323560106988,0.0015017323560106988
log_robust_range_channel_iqr_slope,log robust range channel iqr — two-minute trend,-0.0021706642872321,-7.87528024790886e-05,0.5193407950483999,0.5178600116186363,0.0014807834297636546,0.0014807834297636546
log_mad_last,log robust amplitude — most recent interval,2.991385843211686,2.208845873047168,0.5193407950483999,0.5208100196571548,-0.001469224608754871,0.001469224608754871
hjorth_complexity_channel_iqr_slope,hjorth complexity channel iqr — two-minute trend,-0.0053924054734883,-0.00025324800588055003,0.5193407950483999,0.5207568351486505,-0.0014160401002505374,0.0014160401002505374
hjorth_complexity_channel_iqr_last,hjorth complexity channel iqr — most recent interval,1.7336045712538015,0.9488311094918955,0.5193407950483999,0.5206129390214456,-0.0012721439730456474,0.0012721439730456474
log_mad_channel_p90_last,log mad channel p90 — most recent interval,3.767381926379035,2.7690307972501484,0.5193407950483999,0.5206055922578376,-0.0012647972094377291,0.0012647972094377291
log_mad_channel_iqr_std,log mad channel iqr — context variability,0.2463766157318934,0.1612434174803563,0.5193407950483999,0.5180799323038434,0.0012608627445565013,0.0012608627445565013
hjorth_mobility_slope,Hjorth mobility — two-minute trend,0.0008121646305949,1.3739366842419426e-05,0.5193407950483999,0.520388377017592,-0.0010475819691920796,0.0010475819691920796
log_rms_channel_iqr_last,log rms channel iqr — most recent interval,1.1830937193224402,0.5374203176034443,0.5193407950483999,0.5203778625601306,-0.001037067511730716,0.001037067511730716
log_line_length_channel_p90_mean,log line length channel p90 — context mean,2.226323201981065,1.9801177494866393,0.5193407950483999,0.5183298119386155,0.0010109831097844246,0.0010109831097844246
zero_crossing_rate_slope,zero-crossing rate — two-minute trend,0.0002616873381491,3.5436827041024876e-06,0.5193407950483999,0.5203317393880839,-0.0009909443396839412,0.0009909443396839412
log_rms_channel_iqr_slope,log rms channel iqr — two-minute trend,-0.0025670824430463,-8.904591836949959e-05,0.5193407950483999,0.5184380504896078,0.0009027445587921346,0.0009027445587921346
log_line_length_slope,log line length — two-minute trend,0.0002998520482032,-4.636792859411444e-05,0.5193407950483999,0.5185074617150665,0.0008333333333334636,0.0008333333333334636
log_rms_slope,log RMS amplitude — two-minute trend,-0.0015907905994858,-9.397403173738395e-05,0.5193407950483999,0.5201741283817332,-0.0008333333333332416,0.0008333333333332416
zero_crossing_rate_channel_iqr_slope,zero crossing rate channel iqr — two-minute trend,-5.315524056153749e-05,-7.905138339921027e-06,0.5193407950483999,0.518556112060327,0.0007846829880728823,0.0007846829880728823
hjorth_mobility_channel_p90_std,hjorth mobility channel p90 — context variability,0.1255840592097397,0.1145717380177788,0.5193407950483999,0.518582401432689,0.0007583936157109505,0.0007583936157109505
log_rms_channel_p90_slope,log rms channel p90 — two-minute trend,-0.0059205990421501,-0.00012916473620355,0.5193407950483999,0.5200917109179509,-0.0007509158695510054,0.0007509158695510054
log_mad_channel_iqr_last,log mad channel iqr — most recent interval,1.1244027129641534,0.5044181425712994,0.5193407950483999,0.5200638944012198,-0.0007230993528198892,0.0007230993528198892
log_line_length_last,log line length — most recent interval,1.8486877236501156,1.6164395061266499,0.5193407950483999,0.5199906963936182,-0.0006499013452182512,0.0006499013452182512
log_rms_last,log RMS amplitude — most recent interval,2.874860841459977,2.332166497896666,0.5193407950483999,0.5187212908004086,0.0006195042479912871,0.0006195042479912871
median_absolute_channel_correlation_slope,median absolute channel correlation — two-minute trend,-0.0001023466538005,-2.734066365435366e-06,0.5193407950483999,0.5187339241734633,0.0006068708749366047,0.0006068708749366047
zero_crossing_rate_channel_p90_last,zero crossing rate channel p90 — most recent interval,0.2087774294670846,0.2539184952978056,0.5193407950483999,0.5187536209657762,0.0005871740826237648,0.0005871740826237648
log_robust_range_channel_iqr_last,log robust range channel iqr — most recent interval,1.1600587939310918,0.5692904920024273,0.5193407950483999,0.5199188033690477,-0.0005780083206478048,0.0005780083206478048
hjorth_complexity_last,Hjorth complexity — most recent interval,3.725698295809711,2.565193882139847,0.5193407950483999,0.5187911742455923,0.0005496208028076266,0.0005496208028076266
hjorth_mobility_channel_p90_slope,hjorth mobility channel p90 — two-minute trend,0.0015905270764785,-4.585095887883909e-06,0.5193407950483999,0.5198186237945772,-0.0004778287461773001,0.0004778287461773001
log_robust_range_channel_p90_slope,log robust range channel p90 — two-minute trend,-0.0051829531128845,-0.00014575600382315,0.5193407950483999,0.518922455021626,0.00041834002677387794,0.00041834002677387794
log_line_length_channel_iqr_std,log line length channel iqr — context variability,0.0916660396888879,0.08149098574088401,0.5193407950483999,0.518943892297696,0.0003969027507039202,0.0003969027507039202
log_robust_range_slope,log robust peak-to-peak range — two-minute trend,-0.0017173528947341,-0.00010482618225759999,0.5193407950483999,0.5197128188579236,-0.00037202380952372494,0.00037202380952372494
log_line_length_channel_p90_last,log line length channel p90 — most recent interval,2.449311363128182,1.9503569469686535,0.5193407950483999,0.5197092398912045,-0.0003684448428046272,0.0003684448428046272
zero_crossing_rate_std,zero-crossing rate — context variability,0.0346091852908656,0.0338809193638407,0.5193407950483999,0.5197071380096989,-0.00036634296129900434,0.00036634296129900434
hjorth_complexity_channel_p90_slope,hjorth complexity channel p90 — two-minute trend,-0.0276772590961535,-0.00046871701669975,0.5193407950483999,0.5196859818360097,-0.0003451867876097525,0.0003451867876097525
log_robust_range_last,log robust peak-to-peak range — most recent interval,3.918671036551353,3.4333600051394897,0.5193407950483999,0.5196711046486123,-0.0003303096002124084,0.0003303096002124084
log_robust_range_channel_p90_last,log robust range channel p90 — most recent interval,5.050052874441789,4.112623635389689,0.5193407950483999,0.5196453759450861,-0.0003045808966861685,0.0003045808966861685
hjorth_complexity_channel_p90_last,hjorth complexity channel p90 — most recent interval,6.19725852881455,3.934143843737744,0.5193407950483999,0.5190440321003451,0.0002967629480548073,0.0002967629480548073
hjorth_mobility_channel_iqr_slope,hjorth mobility channel iqr — two-minute trend,0.0004064312430125,-2.6799465366418664e-05,0.5193407950483999,0.5190716360038945,0.00026915904450541817,0.00026915904450541817
hjorth_complexity_channel_iqr_std,hjorth complexity channel iqr — context variability,0.7406701172007164,0.5325907508036027,0.5193407950483999,0.5195797320887448,-0.0002389370403448332,0.0002389370403448332
log_line_length_mean,log line length — context mean,1.6919414711606189,1.635802875120464,0.5193407950483999,0.5191268533459221,0.00021394170247779343,0.00021394170247779343
log_rms_channel_p90_last,log rms channel p90 — most recent interval,3.8426768028596,3.0014302319234734,0.5193407950483999,0.5191306311193136,0.00021016392908634884,0.00021016392908634884
median_absolute_channel_correlation_last,median absolute channel correlation — most recent interval,0.5127737691893695,0.3461732960516608,0.5193407950483999,0.5194196453256039,-7.885027720400117e-05,7.885027720400117e-05
log_line_length_channel_p90_slope,log line length channel p90 — two-minute trend,-0.0015361024039265,-6.321067813040426e-05,0.5193407950483999,0.5192658479152157,7.49471331842333e-05,7.49471331842333e-05
log_robust_range_channel_p90_std,log robust range channel p90 — context variability,0.45765713954412,0.42531919283888453,0.5193407950483999,0.5192680571048025,7.273794359741181e-05,7.273794359741181e-05
zero_crossing_rate_channel_p90_slope,zero crossing rate channel p90 — two-minute trend,0.0003169142701376,-7.250919994548215e-06,0.5193407950483999,0.5194002119668286,-5.941691842870078e-05,5.941691842870078e-05
hjorth_mobility_last,Hjorth mobility — most recent interval,0.4161406685528355,0.5704072722347091,0.5193407950483999,0.5192921447031392,4.865034526069234e-05,4.865034526069234e-05
log_mad_slope,log robust amplitude — two-minute trend,-0.0021966704866374,-9.55416264200216e-05,0.5193407950483999,0.5193838191963274,-4.3024147927450684e-05,4.3024147927450684e-05
usable_channel_fraction_last,usable-channel fraction — most recent interval,1.0,1.0,0.5193407950483999,0.5193407950483999,0.0,0.0
usable_channel_fraction_std,usable-channel fraction — context variability,0.0,0.0,0.5193407950483999,0.5193407950483999,0.0,0.0
usable_channel_fraction_mean,usable-channel fraction — context mean,1.0,1.0,0.5193407950483999,0.5193407950483999,0.0,0.0
zero_crossing_rate_channel_iqr_last,zero crossing rate channel iqr — most recent interval,0.0626959247648902,0.0752351097178683,0.5193407950483999,0.5193407950483999,0.0,0.0
median_absolute_channel_correlation_std,median absolute channel correlation — context variability,0.0630616960394764,0.06303227058204845,0.5193407950483999,0.5193407950483999,0.0,0.0
log_mad_channel_iqr_slope,log mad channel iqr — two-minute trend,-0.0007691108777227,-6.443759242102774e-05,0.5193407950483999,0.5193407950483999,0.0,0.0
log_line_length_channel_iqr_slope,log line length channel iqr — two-minute trend,-0.0001949974837514,-3.4475094987501925e-05,0.5193407950483999,0.5193407950483999,0.0,0.0
log_line_length_std,log line length — context variability,0.1248062629939768,0.12362280342502065,0.5193407950483999,0.5193407950483999,0.0,0.0
usable_channel_fraction_slope,usable-channel fraction — two-minute trend,0.0,0.0,0.5193407950483999,0.5193407950483999,0.0,0.0
